,s0e0,speaker,line_text
0,101,Angela,5
1,101,Documentary Crew Member,3
2,101,Dwight,35
3,101,Jan,12
4,101,Jim,37
5,101,Kevin,2
6,101,Man,1
7,101,Michael,97
8,101,Michel,1
9,101,Oscar,6
10,101,Pam,46
11,101,Phyllis,2
12,101,Roy,5
13,101,Ryan,10
14,101,Stanley,5
15,101,Todd Packer,3
16,102,Angela,4
17,102,Dwight,40
18,102,Jim,35
19,102,Kelly,2
20,102,Kevin,8
21,102,Michael,103
22,102,Mr. Brown,52
23,102,Oscar,13
24,102,Pam,26
25,102,Ryan,7
26,102,Stanley,5
27,102,Toby,2
28,103,Angela,5
29,103,Dwight,88
30,103,Jan,18
31,103,Jim,57
32,103,Kevin,6
33,103,Man on Phone,10
34,103,Meredith,3
35,103,Michael,69
36,103,Oscar,16
37,103,Pam,44
38,103,Ryan,1
39,103,Stanley,6
40,103,Travel Agent,1
41,104,Angela,9
42,104,Dwight,74
43,104,Everybody,6
44,104,Jim,63
45,104,Kevin,3
46,104,Meredith,15
47,104,Michael,111
48,104,Oscar,20
49,104,Pam,37
50,104,Phyllis,5
51,104,Roy,3
52,104,Ryan,5
53,104,Stanley,2
54,104,Toby,7
55,105,Angela,6
56,105,Darryl,17
57,105,Dwight,45
58,105,Everybody,2
59,105,Jim,27
60,105,Kevin,4
61,105,Lonny,5
62,105,Madge,3
63,105,Michael,134
64,105,Michael and Dwight,1
65,105,Oscar,2
66,105,Packer,1
67,105,Pam,17
68,105,Phyllis,4
69,105,Roy,13
70,105,Ryan,8
71,105,Stanley,6
72,105,Teammates,1
73,105,Todd Packer,8
74,105,Warehouse Worker,1
75,105,Warehouse worker,2
76,105,Worker,5
77,106,Angela,3
78,106,Dwight,44
79,106,Jan,8
80,106,Jim,66
81,106,Katy,73
82,106,Kelly,2
83,106,Kevin,7
84,106,Michael,128
85,106,Oscar,1
86,106,Pam,49
87,106,Roy,14
88,106,Ryan,21
89,106,Stanley,3
90,106,Toby,14
91,201,Angela,4
92,201,Chili's Employee,1
93,201,Darryl,1
94,201,Dwight,74
95,201,Employee,1
96,201,Everybody,1
97,201,Guy At Bar,2
98,201,Guy at bar,1
99,201,Jan,9
100,201,Jim,42
101,201,Kelly,9
102,201,Kevin,4
103,201,Manager,10
104,201,Michael,138
105,201,Oscar,4
106,201,Other Guy at Bar,1
107,201,Pam,48
108,201,Pam and Jim,1
109,201,Phyllis,23
110,201,Roy,7
111,201,Ryan,2
112,201,Stanley,8
113,201,Toby,6
114,201,Waitress,3
115,202,Actor,2
116,202,Albiny,2
117,202,Angela,4
118,202,Darryl,9
119,202,Dwight,12
120,202,Jan,11
121,202,Jim,22
122,202,Kevin,9
123,202,Kevin's computer,1
124,202,Man in Video,1
125,202,Meredith,1
126,202,Michael,112
127,202,Mr. O'Malley,1
128,202,Oscar,1
129,202,Pam,41
130,202,Pam's Mom,18
131,202,Phyllis,6
132,202,Redheaded Actress,1
133,202,Roy,14
134,202,Ryan,1
135,202,Stanley,1
136,202,Toby,26
137,202,Todd Packer,20
138,202,Video,2
139,202,Warehouse Guy,1
140,202,Warehouse guy,2
141,202,Warehouse guys,1
142,203,Angela,8
143,203,Bill,2
144,203,Carol,18
145,203,Crowd,1
146,203,Dwight,87
147,203,Everyone,1
148,203,Jim,72
149,203,Kevin,13
150,203,Man,6
151,203,Meredith,1
152,203,Michael,120
153,203,Oscar,13
154,203,Pam,45
155,203,Phyllis,4
156,203,Ryan,5
157,203,Stanley,3
158,203,Toby,4
159,204,Angela,18
160,204,Dwight,80
161,204,Dwight and Michael,3
162,204,Jim,67
163,204,Katy,11
164,204,Kelly,4
165,204,Kevin,9
166,204,Meredith,4
167,204,Michael,79
168,204,Oscar,4
169,204,Pam,28
170,204,Phyllis,6
171,204,Roy,6
172,204,Ryan,50
173,204,Song,6
174,204,Stanley,7
175,204,Toby,2
176,204,song,1
177,205,Angela,14
178,205,Children,1
179,205,Creed,27
180,205,Devon,8
181,205,Dwight,36
182,205,Hank the Security Guard,3
183,205,Jan,10
184,205,Jim,31
185,205,Kelly,3
186,205,Kevin,2
187,205,Kid,3
188,205,Michael,150
189,205,Oscar,7
190,205,Pam,27
191,205,Phyllis,5
192,205,Ryan,1
193,205,Sherri,11
194,205,Stanley,5
195,205,Toby,7
196,205,Vance Refrigeration Worker #1,2
197,205,Vance Refrigeration Worker #2,2
198,206,Alyssa,1
199,206,Angela,6
200,206,Dwight,77
201,206,Ira,9
202,206,Jim,54
203,206,Kelly,4
204,206,Kevin,4
205,206,Master,9
206,206,Meredith,1
207,206,Michael,102
208,206,Oscar,2
209,206,Pam,27
210,206,Ryan,18
211,206,Ryan's Voicemail,1
212,206,Stanley,9
213,206,Toby,5
214,207,Angela,1
215,207,Christian,19
216,207,Dwight,24
217,207,Everyone,1
218,207,Hostess,1
219,207,Jan,55
220,207,Jim,52
221,207,Kelly,1
222,207,Kevin,2
223,207,Michael,86
224,207,Michael and Christian,2
225,207,Oscar,5
226,207,Pam,40
227,207,Phyllis,6
228,207,Roy,1
229,207,Ryan,8
230,207,Stanley,1
231,207,Toby,1
232,208,Angela,5
233,208,Creed,1
234,208,Dwight,67
235,208,Jan,66
236,208,Jim,48
237,208,Kelly,2
238,208,Kevin,4
239,208,Michael,147
240,208,Oscar,5
241,208,Pam,35
242,208,Phyllis,1
243,208,Ryan,14
244,208,Stanley,5
245,208,Toby,1
246,209,Actor,1
247,209,Actress,1
248,209,Angela,14
249,209,Bill,6
250,209,Dwight,45
251,209,Girl acting Pregnant,1
252,209,Improv Teacher,26
253,209,Jim,60
254,209,Kelly,2
255,209,Kevin,12
256,209,Mark,2
257,209,Mary-Beth,17
258,209,Michael,129
259,209,Michael and Jim,2
260,209,Oscar,6
261,209,Pam,47
262,209,Phyllis,7
263,209,Roy,7
264,209,Ryan,6
265,209,Sadiq (IT guy),12
266,209,Stanley,4
267,209,Toby,1
268,210,All,1
269,210,Angela,10
270,210,Bob Vance,4
271,210,Creed,9
272,210,Darryl,12
273,210,Dwight,51
274,210,JIm,1
275,210,Jim,27
276,210,Kelly,13
277,210,Kevin,14
278,210,Kevin & Oscar,1
279,210,Liquor Store Clerk,2
280,210,Meredith,12
281,210,Michael,94
282,210,Oscar,20
283,210,Pam,22
284,210,Phyllis,8
285,210,"Phyllis, Meredith, Michael, Kevin",1
286,210,Roy,8
287,210,Ryan,18
288,210,Stanley,5
289,210,Toby,7
290,210,Todd Packer,3
291,211,Angela,2
292,211,Brenda,7
293,211,Captain Jack,35
294,211,Creed,6
295,211,Darryl,5
296,211,Darryl and Katy,1
297,211,Dwight,28
298,211,Jan,17
299,211,Jim,32
300,211,Katy,14
301,211,Kelly,7
302,211,Meredith,3
303,211,Michael,116
304,211,Oscar,4
305,211,Pam,22
306,211,Phyllis,8
307,211,Roy,16
308,211,Ryan,6
309,211,Stanley,10
310,211,Toby,3
311,212,Angela,6
312,212,Billy Merchant,17
313,212,Creed,1
314,212,Doctor,5
315,212,Dwight,68
316,212,Jim,61
317,212,Jim and Pam,1
318,212,Kelly,1
319,212,Kevin,2
320,212,Lab Tech,3
321,212,Meredith,1
322,212,Michael,146
323,212,Oscar,4
324,212,Pam,57
325,212,Phyllis,3
326,212,Ryan,16
327,212,Stanley,4
328,212,Toby,13
329,213,Angela,5
330,213,Creed,3
331,213,Dana,9
332,213,Dwight,54
333,213,Gil,2
334,213,Hooter's Girls,1
335,213,Jim,53
336,213,Kelly,5
337,213,Kevin,8
338,213,Michael,114
339,213,Oscar,9
340,213,Pam,28
341,213,Phylis,1
342,213,Ryan,14
343,213,Stanley,3
344,213,Toby,3
345,214,Angela,4
346,214,Creed,9
347,214,Darryl,5
348,214,Dwight,47
349,214,Ed,9
350,214,Jim,36
351,214,Jim's voicemail,1
352,214,Kelly,13
353,214,Kevin,8
354,214,Michael,126
355,214,Michael and Dwight,1
356,214,Oscar,5
357,214,Packer,7
358,214,Pam,28
359,214,Pam and others,1
360,214,Phyllis,2
361,214,Roy,8
362,214,Ryan,13
363,214,Stanley,8
364,214,Toby,8
365,214,Todd,1
366,214,Todd Packer,1
367,215,All the Men,1
368,215,Angela,5
369,215,Darryl,28
370,215,Dwight,16
371,215,Dwight and Roy,1
372,215,Group chant,1
373,215,Guy,4
374,215,Jan,55
375,215,Jim,24
376,215,Kelly,9
377,215,Kevin,4
378,215,Lonny,3
379,215,Madge,2
380,215,Men,1
381,215,Meredith,5
382,215,Michael,88
383,215,Pam,30
384,215,Phyllis,9
385,215,Roy,20
386,215,Ryan,2
387,215,Stanley,1
388,215,Women,1
389,216,Angela,4
390,216,Craig,12
391,216,Creed,3
392,216,Dan,1
393,216,David,12
394,216,Delivery man,5
395,216,Devon,1
396,216,Dwight,29
397,216,Jan,16
398,216,Jim,25
399,216,Josh,11
400,216,Kelly,13
401,216,Kevin,8
402,216,Meredith,3
403,216,Michael,53
404,216,Oscar,5
405,216,Pam,30
406,216,Phyllis,5
407,216,Receptionist,2
408,216,Roy,5
409,216,Ryan,4
410,216,Vance Refrigeration Worker #1,3
411,217,Angela,4
412,217,Creed,4
413,217,Crowd,8
414,217,Dwight,64
415,217,Jim,36
416,217,Kelly,5
417,217,Kevin,4
418,217,Meredith,1
419,217,Michael,75
420,217,Oscar,3
421,217,Overhead,1
422,217,Pam,24
423,217,Phyllis,8
424,217,Ryan,14
425,217,Speaker,2
426,217,Stanley,6
427,217,Toby,4
428,218,Abby,19
429,218,Angela,10
430,218,Chet,2
431,218,Creed,5
432,218,Darryl,5
433,218,Dwight,27
434,218,Edward R. Meow,7
435,218,Jake,27
436,218,Jim,24
437,218,Jim and Dwight,1
438,218,Kelly,8
439,218,Kevin,7
440,218,Kids,2
441,218,Melissa,17
442,218,Meredith,2
443,218,Michael,81
444,218,Michael and Dwight,2
445,218,Miss Trudy,2
446,218,Oscar,4
447,218,Pam,26
448,218,Phyllis,1
449,218,Roy,3
450,218,Ryan,12
451,218,Sasha,8
452,218,Stanley,9
453,218,The Kids,1
454,218,Toby,13
455,218,Young Michael,2
456,219,Angela,13
457,219,Carol,4
458,219,Delivery Boy,2
459,219,Delivery Woman,3
460,219,Dwight,46
461,219,Jan,5
462,219,Jim,23
463,219,Kelly,4
464,219,Kevin,15
465,219,Meredith,1
466,219,Michael,99
467,219,Office Staff,1
468,219,Oscar,7
469,219,Pam,26
470,219,Phyllis,2
471,219,Ryan,10
472,219,Stanley,3
473,219,Store Employee,1
474,219,Toby,8
475,220,Angela,8
476,220,Creed,2
477,220,Dwight,92
478,220,Hank,5
479,220,Jan,1
480,220,Jim,26
481,220,Kelly,9
482,220,Kevin,7
483,220,Linda,5
484,220,Man,1
485,220,Meredith,2
486,220,Michael,62
487,220,Oscar,8
488,220,Pam,26
489,220,Pam/Jim,1
490,220,Phyllis,7
491,220,Ryan,7
492,220,Sheriff,8
493,220,Stanley,9
494,220,Toby,9
495,220,Vance Refrigeration Worker #1,1
496,220,Vance Refrigeration Worker #2,1
497,221,Angela,12
498,221,Anglea,1
499,221,Creed,3
500,221,Dwight,50
501,221,Female worker,1
502,221,Hank the Security Guard,2
503,221,I.D. Photographer,1
504,221,Jim,37
505,221,Kelly,2
506,221,Kevin,5
507,221,Meredith,1
508,221,Michael,95
509,221,Oscar,9
510,221,Pam,26
511,221,Photographer,14
512,221,Phyllis,15
513,221,Ryan,5
514,221,Stanley,4
515,221,Toby,22
516,222,Angela,5
517,222,Billy,4
518,222,Billy's Girlfriend,2
519,222,Bob,2
520,222,Bob Vance,1
521,222,Carol,30
522,222,Creed,4
523,222,Darryl,11
524,222,Dealer,5
525,222,Dwight,40
526,222,Jan,40
527,222,Jim,53
528,222,Kelly,1
529,222,Kevin,16
530,222,Meredith,3
531,222,Meredith's Vet,3
532,222,Michael,112
533,222,Oscar,5
534,222,Pam,46
535,222,Phyllis,8
536,222,Roy,11
537,222,Ryan,1
538,222,Stanley,3
539,222,Toby,5
540,301,Andy,8
541,301,Angela,4
542,301,Creed,1
543,301,Dwight,18
544,301,Jan,12
545,301,Jim,13
546,301,Josh,1
547,301,Karen,1
548,301,Kelly,1
549,301,Kevin,1
550,301,Meredith,2
551,301,Michael,63
552,301,Oscar,17
553,301,Pam,12
554,301,Phyllis,3
555,301,Roy,4
556,301,Ryan,1
557,301,Stanley,1
558,301,Toby,10
559,302,Alan,8
560,302,Angela,10
561,302,Creed,2
562,302,Dwight,44
563,302,Dwight and Michael,1
564,302,Evan,6
565,302,Guy,2
566,302,Jan,15
567,302,Jerome Bettis,4
568,302,Jim,32
569,302,"Jim, Josh, and Dwight",1
570,302,Josh,27
571,302,Kelly,8
572,302,Kevin,3
573,302,Meredith,1
574,302,Michael,122
575,302,Pam,30
576,302,Phyllis,2
577,302,Ryan,8
578,302,Stanley,1
579,302,Ted,1
580,302,Toby,6
581,302,Waiter,1
582,303,Andy,10
583,303,Angela,13
584,303,Creed,3
585,303,Dwight,77
586,303,Jan,28
587,303,Jim,17
588,303,Josh,8
589,303,Karen,8
590,303,Kelly,8
591,303,Kevin,5
592,303,Michael,83
593,303,Pam,20
594,303,Phyllis,5
595,303,Roy,2
596,303,Ryan,1
597,303,Stanley,3
598,304,Andy,4
599,304,Angela,7
600,304,Creed,6
601,304,Dwight,40
602,304,Hannah,4
603,304,Jan,17
604,304,Jim,19
605,304,Josh,3
606,304,Karen,15
607,304,Kelly,5
608,304,Kevin,9
609,304,Man,1
610,304,Meredith,1
611,304,Michael,106
612,304,Pam,34
613,304,Phyllis,3
614,304,Roy,15
615,304,Ryan,7
616,304,Ryan and others,1
617,304,Stanley,6
618,304,Toby,10
619,305,Andy,8
620,305,Angela,4
621,305,Announcer,1
622,305,Bob,2
623,305,Cousin Mose,1
624,305,Dwight,57
625,305,Jan,11
626,305,Jim,47
627,305,Karen,13
628,305,Kelly,6
629,305,Kevin,4
630,305,Michael,44
631,305,Pam,56
632,305,Phyllis,2
633,305,Pretzel guy,3
634,305,Ryan,43
635,305,Stanley,9
636,305,Toby,1
637,306,Andy,18
638,306,Andy and Jim,4
639,306,Angela,10
640,306,Carol,19
641,306,Creed,1
642,306,Crowd,2
643,306,Dwight,8
644,306,Girls,1
645,306,Jan,12
646,306,Jim,20
647,306,Josh,2
648,306,Karen,15
649,306,Kelly,20
650,306,Kelly's Father,3
651,306,Kelly's Mom,5
652,306,Kevin,9
653,306,Meredith,2
654,306,Michael,77
655,306,Mr. Kapoor,1
656,306,Mrs. Kapoor,1
657,306,Overhead,1
658,306,Pam,26
659,306,Phyllis,2
660,306,Roy,1
661,306,Ryan,12
662,306,Server,1
663,306,Stanley,1
664,306,Toby,2
665,306,Tony,2
666,306,Young Man,1
667,307,Andy,5
668,307,Angela,7
669,307,Darryl,4
670,307,Dwight,38
671,307,Dwight ,1
672,307,Dwight:,1
673,307,Jan,32
674,307,Jim,21
675,307,Josh,12
676,307,Karen,9
677,307,Kelly,2
678,307,Kevin,12
679,307,M ichael,1
680,307,Michael,67
681,307,Michael ,1
682,307,Michael and Dwight,2
683,307,Pam,22
684,307,Phyllis,8
685,307,Roy,4
686,307,Ryan,7
687,307,Stanley,1
688,307,Toby,3
689,308,Andy,55
690,308,Andy & Michael,2
691,308,Angela,7
692,308,Creed,2
693,308,Dwight,84
694,308,Hannah,12
695,308,Jan,6
696,308,Jim,81
697,308,Karen,30
698,308,Kelly,6
699,308,Kevin,21
700,308,Male voice,1
701,308,Martin,7
702,308,Meredith,11
703,308,Michael,149
704,308,Michael & Dwight,1
705,308,Michael and Dwight,1
706,308,Pam,45
707,308,Phyllis,8
708,308,Ryan,11
709,308,Stanley,4
710,308,Toby,16
711,308,Tony,22
712,308,Video,2
713,309,Andy,17
714,309,Angela,10
715,309,Creed,2
716,309,Dwight,4
717,309,Hannah,5
718,309,Jan,7
719,309,Jim,31
720,309,Karen,10
721,309,Kevin,13
722,309,Martin,11
723,309,Meredith,1
724,309,Michael,54
725,309,Pam,16
726,309,Phyllis,1
727,309,Ryan,3
728,309,Stanley,2
729,309,Toby,4
730,310,Andy,28
731,310,Andy and Michael,1
732,310,Angela,51
733,310,Both,2
734,310,Carol,18
735,310,Chef,2
736,310,Cindy,2
737,310,Creed,4
738,310,Darryl,3
739,310,Dwight,62
740,310,Everybody,1
741,310,Hannah,2
742,310,Jim,45
743,310,Karen,35
744,310,Kelly,19
745,310,Kevin,15
746,310,Man,1
747,310,Meredith,3
748,310,Michael,115
749,310,Oscar,1
750,310,Other waitress,2
751,310,Pam,57
752,310,Phyllis,15
753,310,Roy,6
754,310,Ryan,22
755,310,Second Cindy,13
756,310,Stanley,5
757,310,Toby,15
758,310,Waitress,1
759,310,Woman at bar,1
760,311,Andy,10
761,311,Angela,7
762,311,Creed,4
763,311,Darryl,6
764,311,Dwight,39
765,311,Everybody,2
766,311,Jan,14
767,311,Jim,33
768,311,Karen,9
769,311,Kelly,2
770,311,Kevin,10
771,311,Meredith,2
772,311,Michael,100
773,311,Packer,7
774,311,Pam,43
775,311,Phyllis,5
776,311,Roy,7
777,311,Ryan,2
778,311,Someone,2
779,311,Stanley,10
780,311,Toby,9
781,312,Andy,29
782,312,Angela,17
783,312,Buyer,2
784,312,Dwight,33
785,312,Guy,1
786,312,Harvey,7
787,312,Jan,1
788,312,Jim,39
789,312,Julius,3
790,312,Karen,16
791,312,Kelly,2
792,312,Kenny,1
793,312,Kevin,7
794,312,Man,5
795,312,Michael,48
796,312,Pam,26
797,312,Phone,1
798,312,Phyllis,10
799,312,Ryan,8
800,312,Stanley,8
801,313,Andy,40
802,313,Angela,14
803,313,Creed,3
804,313,Dwight,25
805,313,Everybody,1
806,313,Jim,25
807,313,Karen,4
808,313,Kevin,3
809,313,Lady,2
810,313,MIchael,1
811,313,Marcy,3
812,313,Meredith,2
813,313,Michael,48
814,313,Oscar,11
815,313,Pam,10
816,313,Paris,6
817,313,Phyllis,3
818,313,Ryan,3
819,313,Stanley,2
820,313,Staples Guy,1
821,314,Angela,5
822,314,Ben Franklin,24
823,314,Bob Vance,1
824,314,Dwight,29
825,314,Elizabeth,17
826,314,Jan,6
827,314,Jim,25
828,314,Karen,15
829,314,Kelly,3
830,314,Kevin,3
831,314,Meredith,2
832,314,Michael,77
833,314,Packer,12
834,314,Pam,30
835,314,Roy,1
836,314,Ryan,6
837,314,Stanley,1
838,315,Angela,3
839,315,Bob Vance,7
840,315,Crowd,3
841,315,Dwight,25
842,315,Jim,19
843,315,Karen,4
844,315,Kelly,6
845,315,Kevin,4
846,315,Meredith,1
847,315,Michael,49
848,315,Pam,15
849,315,Photographer,1
850,315,Phyllis,15
851,315,Priest,4
852,315,Randy,2
853,315,Roy,9
854,315,Stanley,2
855,315,Toby,2
856,315,Uncle Al,7
857,315,Unknown,1
858,315,Women,1
859,316,Angela,5
860,316,Artist,1
861,316,Business Student #1,4
862,316,Business Student #2,3
863,316,Business Student #3,2
864,316,College Student,1
865,316,Creed,8
866,316,Dwight,25
867,316,Gil,4
868,316,Jim,20
869,316,Karen,6
870,316,Kelly,11
871,316,Kenny,3
872,316,Kevin,7
873,316,Meredith,12
874,316,Michael,65
875,316,Oscar,9
876,316,Pam,29
877,316,Roy,8
878,316,Ryan,16
879,316,Stanley,2
880,316,Student 1,1
881,316,Student 2,5
882,316,Student 3,1
883,316,Toby,3
884,316,Woman,4
885,317,Angela,3
886,317,Bartender,1
887,317,Child,2
888,317,Creed,2
889,317,Dan Gore,1
890,317,David,8
891,317,Dwight,35
892,317,Everyone,1
893,317,Jan,47
894,317,Jim,22
895,317,Karen,14
896,317,Kelly,4
897,317,Kenny,7
898,317,Kevin,12
899,317,Man,1
900,317,Melissa,6
901,317,Meredith,2
902,317,Michael,85
903,317,Oscar,1
904,317,Pam,24
905,317,Rachel,11
906,317,Roy,24
907,317,Ryan,12
908,317,Stanley,5
909,317,Student 1,1
910,317,Student 2,1
911,317,Toby,5
912,317,Waiter,3
913,318,Andy,2
914,318,Angela,11
915,318,Creed,3
916,318,Darryl,43
917,318,Dwight,18
918,318,Hunter,1
919,318,Jan,30
920,318,Jim,41
921,318,Karen,16
922,318,Kelly,14
923,318,Kevin,8
924,318,Michael,107
925,318,Oscar,4
926,318,Pam,16
927,318,Phyllis,4
928,318,Roy,8
929,318,Ryan,9
930,318,Stanley,4
931,318,Toby,17
932,319,Andy,34
933,319,Angela,5
934,319,Creed,4
935,319,Darry,1
936,319,Darryl,32
937,319,Dwight,70
938,319,Everyone,2
939,319,Guy,1
940,319,Jim,31
941,319,Karen,5
942,319,Kelly,11
943,319,Kevin,22
944,319,Larry,2
945,319,Lonny,12
946,319,Madge,2
947,319,Michael,102
948,319,Micheal,1
949,319,Oscar,3
950,319,Pam,21
951,319,Phyllis,3
952,319,Ryan,9
953,319,Stanley,5
954,319,Toby,8
955,320,Andy,56
956,320,Angela,25
957,320,Barbara,14
958,320,Barbara Allen,4
959,320,Chad Lite,9
960,320,Creed,15
961,320,Denise,9
962,320,Dwight,42
963,320,Jamie,6
964,320,Jim,74
965,320,Karen,4
966,320,Kelly,25
967,320,Kevin,10
968,320,Michael,68
969,320,Oscar,9
970,320,Pam,16
971,320,Phyllis,1
972,320,Ryan,3
973,320,School Official,4
974,320,Spanish Teacher,3
975,320,Stanley,1
976,321,Andy,16
977,321,Angela,11
978,321,Bob,1
979,321,Creed,6
980,321,Dwight,46
981,321,Hunter,1
982,321,Jan,17
983,321,Jim,33
984,321,Karen,15
985,321,Kelly,7
986,321,Kevin,11
987,321,Meredith,5
988,321,Michael,92
989,321,Pam,36
990,321,Phyllis,12
991,321,Ryan,5
992,321,Stanley,2
993,321,Toby,7
994,322,All,1
995,322,Andy,21
996,322,Angela,8
997,322,Creed,2
998,322,David,9
999,322,Dwight,50
1000,322,Everyone,1
1001,322,Group,6
1002,322,Jim,30
1003,322,Karen,9
1004,322,Kelly,9
1005,322,Kevin,6
1006,322,Meredith,7
1007,322,Michael,145
1008,322,Oscar,5
1009,322,Pam,30
1010,322,Phyllis,5
1011,322,Ryan,5
1012,322,Stanley,12
1013,322,Toby,4
1014,323,Andy,30
1015,323,Angela,6
1016,323,Creed,3
1017,323,David,47
1018,323,Dwight,70
1019,323,Everyone,1
1020,323,Hunter,6
1021,323,Jan,43
1022,323,Jim,65
1023,323,Karen,40
1024,323,Kelly,7
1025,323,Kevin,17
1026,323,Meredith,6
1027,323,Michael,123
1028,323,Oscar,12
1029,323,Pam,51
1030,323,Phyllis,5
1031,323,Receptionist,1
1032,323,Ryan,4
1033,323,Stanley,7
1034,401,Andy,10
1035,401,Angela,50
1036,401,Bob Vance,1
1037,401,Creed,9
1038,401,Darryl,5
1039,401,Dwight,57
1040,401,Elizabeth,3
1041,401,IT Tech Guy,3
1042,401,Intern,5
1043,401,Jan,7
1044,401,Jim,53
1045,401,Kelly,7
1046,401,Kevin,21
1047,401,Meredith,25
1048,401,Michael,160
1049,401,Nurse,3
1050,401,Oscar,14
1051,401,Pam,84
1052,401,Pediatrician,3
1053,401,Phyllis,9
1054,401,Ryan,8
1055,401,Someone,1
1056,401,Stanley,10
1057,401,Toby,11
1058,401,Waitress,1
1059,402,Amy,3
1060,402,Andy,14
1061,402,Angela,23
1062,402,Creed,15
1063,402,Dwight,74
1064,402,Ex-client,17
1065,402,GPS,4
1066,402,Jan,17
1067,402,Jim,48
1068,402,Kelly,24
1069,402,Kevin,16
1070,402,Larry Myers,6
1071,402,Michael,158
1072,402,Oscar,8
1073,402,Pam,56
1074,402,Phyllis,13
1075,402,Robert Dunder,11
1076,402,Ryan,85
1077,402,Stanley,5
1078,402,Toby,18
1079,403,All,5
1080,403,Andy,47
1081,403,Angela,52
1082,403,Angels,1
1083,403,Bartender,1
1084,403,Creed,1
1085,403,Darryl,9
1086,403,DunMiff/sys,6
1087,403,Dwight,88
1088,403,DwightKSchrute,3
1089,403,Everyone,1
1090,403,Jan,6
1091,403,Jim,70
1092,403,Kelly,12
1093,403,Kevin,17
1094,403,Man,4
1095,403,Manager,1
1096,403,Meredith,14
1097,403,Michael,156
1098,403,Oscar,12
1099,403,Pam,31
1100,403,Pam and Jim,1
1101,403,Phyllis,9
1102,403,Pizza guy,22
1103,403,Ryan,7
1104,403,Stanley,7
1105,403,Tech Guy,1
1106,403,Toby,8
1107,403,Voice #1 on phone,2
1108,403,Voice #2 on phone,1
1109,403,Voice of Thomas Dean,1
1110,403,sAndy,1
1111,404,Andy,25
1112,404,Angela,10
1113,404,Co-Worker 1,1
1114,404,Co-Worker 2,3
1115,404,Co-Worker 3,3
1116,404,Creed,7
1117,404,Darryl,10
1118,404,Dwight,53
1119,404,Jan,40
1120,404,Jim,52
1121,404,Kelly,13
1122,404,Kevin,12
1123,404,Meredith,1
1124,404,Micael,1
1125,404,Micahel,1
1126,404,Michae,1
1127,404,Michael,159
1128,404,Mose,13
1129,404,Mr. Figaro,4
1130,404,Nick,13
1131,404,Oscar,32
1132,404,Oscar and Stanley,1
1133,404,Pam,56
1134,404,Phyllis,3
1135,404,Ryan,21
1136,404,Stanely,2
1137,404,Stanley,7
1138,404,Toby,2
1139,404,Vikram,11
1140,405,Ad guy 1,12
1141,405,Ad guy 2,6
1142,405,Andy,21
1143,405,"Andy, Creed, Kevin, Kelly",5
1144,405,"Andy, Creed, Kevin, Kelly, Darryl",1
1145,405,Angela,2
1146,405,Bartender,4
1147,405,Both,1
1148,405,Creed,2
1149,405,Darryl,10
1150,405,David Wallace,3
1151,405,Dwight,11
1152,405,Everyone,3
1153,405,Jim,47
1154,405,Kevin,3
1155,405,Meredith,3
1156,405,Michael,92
1157,405,Michael's Ad,1
1158,405,Oscar,1
1159,405,Pam,22
1160,405,Phyllis,7
1161,405,Receptionist,1
1162,405,Ryan,8
1163,405,Stanley,1
1164,405,Toby,2
1165,406,All,1
1166,406,Andy,12
1167,406,Angela,1
1168,406,Ben,4
1169,406,Dwight,44
1170,406,Dwight and Michael,1
1171,406,Jim,78
1172,406,Karen,25
1173,406,Kevin,2
1174,406,Meredith,1
1175,406,Michael,90
1176,406,Michael and Dwight,2
1177,406,Oscar,12
1178,406,Pam,26
1179,406,Phyllis,2
1180,406,Rolando,2
1181,406,Security guard,1
1182,406,Stanley,10
1183,406,Toby,10
1184,407,Andy,7
1185,407,Angela,7
1186,407,Creed,12
1187,407,Dwight,36
1188,407,Everybody,1
1189,407,Jim,69
1190,407,Kelly,1
1191,407,Kevin,2
1192,407,Meredith,5
1193,407,Michael,82
1194,407,Oscar,7
1195,407,Pam,23
1196,407,Phyllis,4
1197,407,Stanley,2
1198,407,Toby,16
1199,408,Andy,6
1200,408,Angela,1
1201,408,Council,1
1202,408,Creed,3
1203,408,Darryl,3
1204,408,David,3
1205,408,David Wallace,1
1206,408,Deposition Reporter,3
1207,408,Diane,10
1208,408,Diane Kelly,18
1209,408,Dwight,5
1210,408,Jan,30
1211,408,Jim,27
1212,408,Kelly,15
1213,408,Kevin,4
1214,408,Lester,26
1215,408,Man,5
1216,408,Meredith,1
1217,408,Michael,89
1218,408,Oscar,4
1219,408,Pam,25
1220,408,Phyllis,3
1221,408,Ryan,10
1222,408,Stanley,3
1223,408,Toby,4
1224,409,All,1
1225,409,Andy,14
1226,409,Angela,14
1227,409,Dwight,18
1228,409,Hunter's CD,1
1229,409,Jan,90
1230,409,Jim,42
1231,409,Michae,1
1232,409,Michael,101
1233,409,Neighbor,1
1234,409,Officer,1
1235,409,Officer 1,3
1236,409,Officer 2,2
1237,409,Pam,35
1238,409,Phyllis,1
1239,409,Stanley,1
1240,409,Woman,5
1241,410,Andy,14
1242,410,Angela,4
1243,410,Bill Cress,1
1244,410,Bob Vance,1
1245,410,Coffee shop worker,1
1246,410,Creed,3
1247,410,Dwight,22
1248,410,Jan [on phone],1
1249,410,Jim,26
1250,410,Kelly,7
1251,410,Kevin,20
1252,410,Margaret,8
1253,410,Michael,100
1254,410,Michael/Dwight,1
1255,410,Oscar,2
1256,410,Pam,42
1257,410,Paul,2
1258,410,Paul Faust,1
1259,410,Phyllis,9
1260,410,Stanley,1
1261,410,Toby,1
1262,410,W.B. Jones,4
1263,410,Wendy's phone operator,5
1264,411,All Girls,1
1265,411,Andy,4
1266,411,Angela,5
1267,411,Bartender,2
1268,411,Cleaning lady,1
1269,411,Creed,2
1270,411,Dwight,48
1271,411,Girl in 2nd club,5
1272,411,Girl in Club,5
1273,411,Hank,6
1274,411,Jim,43
1275,411,Kelly,5
1276,411,Kevin,4
1277,411,Meredith,1
1278,411,Michael,104
1279,411,Oscar,8
1280,411,Pam,17
1281,411,Phyllis,5
1282,411,Ryan,70
1283,411,Stanley,6
1284,411,Tall Girl #1,5
1285,411,Tall Girl #2,1
1286,411,Toby,8
1287,411,Troy,5
1288,411,Waitress,1
1289,412,Andy,23
1290,412,Angela,3
1291,412,Creed,1
1292,412,Darryl,13
1293,412,Dwight,32
1294,412,Jim,31
1295,412,Kelly,6
1296,412,Kevin,8
1297,412,Meredith,1
1298,412,Michael,99
1299,412,Oscar,2
1300,412,Pam,30
1301,412,Phyllis,9
1302,412,Ryan,14
1303,412,Stanley,23
1304,412,Toby,13
1305,413,Air Force recruiter,2
1306,413,Andy,14
1307,413,Angela,4
1308,413,Angela and Dwight,1
1309,413,Brad,18
1310,413,Creed,4
1311,413,Darryl,6
1312,413,Dwight,10
1313,413,Graphics guy,10
1314,413,Jim,21
1315,413,Justin,14
1316,413,Kelly,1
1317,413,Kevin,9
1318,413,Kid,2
1319,413,Maguire,1
1320,413,Meredith,1
1321,413,Michael,76
1322,413,Michael and Darryl,1
1323,413,Oscar,5
1324,413,Pam,34
1325,413,Phil,10
1326,413,Phil Maguire,5
1327,413,Phyllis,2
1328,413,Woman on mic,1
1329,414,Andy,12
1330,414,Angela,17
1331,414,Bob Vance,1
1332,414,Co-workers,2
1333,414,Creed,8
1334,414,Darryl,3
1335,414,Dwight,49
1336,414,Hank,1
1337,414,Holly,73
1338,414,Holy,1
1339,414,Jan,24
1340,414,Jim,77
1341,414,Kelly,4
1342,414,Kevin,23
1343,414,Meredith,9
1344,414,Michael,167
1345,414,Oscar,4
1346,414,Pam,47
1347,414,Phyllis,23
1348,414,Ryan,5
1349,414,Someone,1
1350,414,Stanley,5
1351,414,Toby,51
1352,414,Troy,6
1353,414,Vance Refrigeration guy,1
1354,414,Woman over speakerphone,3
1355,501,Andy,31
1356,501,Angela,26
1357,501,Creed,5
1358,501,Darryl,13
1359,501,Dwight,61
1360,501,Friend,5
1361,501,Holly,56
1362,501,JIM9334,2
1363,501,JIM9334 [screen name],1
1364,501,Jan,13
1365,501,Jim,68
1366,501,Kelly,17
1367,501,Kevin,14
1368,501,Meredith,7
1369,501,Michael,130
1370,501,Micheal,2
1371,501,Oscar,24
1372,501,Pam,36
1373,501,Phyllis,16
1374,501,Professor,5
1375,501,Receptionitis15,2
1376,501,Receptionitis15 [screen name],1
1377,501,Ronnie,3
1378,501,Ryan,20
1379,501,Stanley,8
1380,501,Toby,3
1381,502,Andy,12
1382,502,Angela,2
1383,502,Creed,2
1384,502,Dight,1
1385,502,Dwight,14
1386,502,Holly,53
1387,502,Jim,29
1388,502,Kelly,3
1389,502,Kendall,6
1390,502,Kevin,13
1391,502,Meredith,23
1392,502,Michael,64
1393,502,Michael & Holly,1
1394,502,Micheal,3
1395,502,Oscar,7
1396,502,Pam,9
1397,502,Phyllis,6
1398,502,Ryan,12
1399,502,Stanley,5
1400,503,Andy,13
1401,503,Angela,16
1402,503,Creed,2
1403,503,Darryl,9
1404,503,Dwight,39
1405,503,Holly,14
1406,503,Jan,51
1407,503,Jim,28
1408,503,Kelly,2
1409,503,Kevin,12
1410,503,Meredith,1
1411,503,Michael,83
1412,503,Oscar,4
1413,503,Pam,25
1414,503,Phyllis,7
1415,503,Stanley,2
1416,503,Toby,3
1417,504,All,1
1418,504,Andy,7
1419,504,Angela,8
1420,504,Bob,10
1421,504,Creed,2
1422,504,Darryl,8
1423,504,David Wallace,5
1424,504,Dwight,33
1425,504,Guy in audience,2
1426,504,Hank [the security guard],1
1427,504,Holly,36
1428,504,Jim,36
1429,504,Kevin,5
1430,504,Man on phone,1
1431,504,Michael,94
1432,504,Michael [on phone],2
1433,504,Oscar,5
1434,504,Pam,11
1435,504,Pam [on phone],4
1436,504,Phyllis,24
1437,504,Receptionist,1
1438,504,Roy,14
1439,504,Stanley,1
1440,505,Andy,44
1441,505,Angela,8
1442,505,Creed,2
1443,505,Darryl,55
1444,505,Dwight,38
1445,505,Holly,73
1446,505,Holly & Darryl,1
1447,505,Holly & Michael,1
1448,505,Jim,25
1449,505,Kelly,7
1450,505,Kevin,5
1451,505,Meredith,1
1452,505,Michael,101
1453,505,Michael & Holly,3
1454,505,Michael and Holly,1
1455,505,"Michael, Holly, and Darryl",1
1456,505,Oscar,6
1457,505,Pam,25
1458,505,Pete,15
1459,505,Phyllis,5
1460,505,Ryan,4
1461,505,Stanley,1
1462,505,Tom,13
1463,506,Alex,10
1464,506,Andy,29
1465,506,Angela,6
1466,506,Customer,5
1467,506,Darryl,1
1468,506,Dwight,99
1469,506,Dwight ,1
1470,506,Group,1
1471,506,Jim,111
1472,506,Jim and Pam,1
1473,506,Kelly,23
1474,506,Kevin,2
1475,506,Kevin & Andy,1
1476,506,Meredith,1
1477,506,Michael,73
1478,506,Mother,4
1479,506,Pam,34
1480,506,Phyllis,4
1481,506,Ryan,6
1482,506,Stanley,4
1483,506,Stanley & Phyllis,1
1484,507,Andy,69
1485,507,Angela,10
1486,507,Beth,4
1487,507,Client,2
1488,507,Concierge,3
1489,507,Concierge Marie,2
1490,507,Creed,1
1491,507,Dacvid Walalce,1
1492,507,Dacvid Wallace,1
1493,507,David Wallace,14
1494,507,David Wallcve,1
1495,507,Dwight,16
1496,507,Guy,1
1497,507,Guy at table,3
1498,507,Jim,22
1499,507,Kelly,15
1500,507,Kevin,2
1501,507,Marie,5
1502,507,Meredith,5
1503,507,Michael,77
1504,507,Oscar,38
1505,507,Pam,14
1506,507,Phyllis,2
1507,507,Ryan,13
1508,507,Stanley,3
1509,507,Stewardess,1
1510,508,Andy,6
1511,508,Angela,2
1512,508,Creed,2
1513,508,David,11
1514,508,Dwight,38
1515,508,Jim,31
1516,508,Kelly,10
1517,508,Kevin,2
1518,508,Leo,3
1519,508,Meredith,2
1520,508,Michael,90
1521,508,Oscar,3
1522,508,Pam,26
1523,508,Phyllis,3
1524,508,Police Officer 1,10
1525,508,Police Officer 2,6
1526,508,Ryan,18
1527,508,Toby,29
1528,508,Vance Refrigeration Guy,4
1529,508,Vance Refrigeration guy,2
1530,509,Andy,18
1531,509,Angela,23
1532,509,Creed,1
1533,509,David,6
1534,509,Dwight,29
1535,509,Hank,13
1536,509,Jim,31
1537,509,Kelly,1
1538,509,Kevin,3
1539,509,Meredith,1
1540,509,Michael,100
1541,509,Oscar,31
1542,509,Pam,58
1543,509,Phyllis,2
1544,509,Stanley,4
1545,509,Toby,2
1546,510,Andy,8
1547,510,Angela,12
1548,510,Creed,1
1549,510,Darryl,6
1550,510,Dwight,27
1551,510,Guy,3
1552,510,Guy buying doll,1
1553,510,Jim,26
1554,510,Kelly,1
1555,510,Kevin,3
1556,510,Meredith,36
1557,510,Michael,65
1558,510,Oscar,5
1559,510,Pam,6
1560,510,Phyllis,19
1561,510,Rehab Nurse,1
1562,510,Sasha,1
1563,510,Stanley,4
1564,510,Toby,15
1565,511,Andy,65
1566,511,Angela,22
1567,511,Creed,2
1568,511,David,8
1569,511,Dwight,66
1570,511,Everyone,1
1571,511,Everyone watching,1
1572,511,Jim,34
1573,511,Kelly,2
1574,511,Kevin,8
1575,511,Meredith,6
1576,511,Michael,52
1577,511,Oscar,10
1578,511,Pam,9
1579,511,Phyllis,3
1580,511,Stanley,2
1581,512,Andy,5
1582,512,Angela,3
1583,512,Creed,1
1584,512,David,9
1585,512,Dwight,73
1586,512,Dwight and Michael,1
1587,512,Entire Prince family,1
1588,512,Entire office,1
1589,512,Jim,13
1590,512,Jim ,1
1591,512,Kelly,2
1592,512,Kevin,14
1593,512,Linda,2
1594,512,Meredith,2
1595,512,Michael,90
1596,512,Oscar,3
1597,512,Pam,5
1598,512,Phyllis,4
1599,512,Prince,1
1600,512,Prince Granddaughter,4
1601,512,Prince Grandfather,19
1602,512,Prince Grandmother,2
1603,512,Prince Son,1
1604,512,Stanley,5
1605,513,Andy,23
1606,513,Angela,16
1607,513,CPR Trainer,3
1608,513,CPR trainer,1
1609,513,Creed,4
1610,513,Darryl,6
1611,513,David,1
1612,513,David Wallace,9
1613,513,Dwight,73
1614,513,Everyone,3
1615,513,Group,1
1616,513,Jessica Alba,2
1617,513,Jim,35
1618,513,Kelly,3
1619,513,Kevin,8
1620,513,Lawyer,2
1621,513,Lily,6
1622,513,Meredith,3
1623,513,Michael,118
1624,513,Michel,1
1625,513,Oscar,11
1626,513,Pam,32
1627,513,Phyllis,11
1628,513,Phyllis and Creed,1
1629,513,Rose,8
1630,513,Sam,6
1631,513,Stanley,28
1632,513,Warehouse Michael,1
1633,514,Andy,27
1634,514,Creed,5
1635,514,Dwight,25
1636,514,Jim,34
1637,514,Julia,13
1638,514,Karen,20
1639,514,Kelly,8
1640,514,Mark,2
1641,514,Michael,55
1642,514,Oscar,1
1643,514,Pam,35
1644,514,Phyllis,3
1645,514,Rolando,2
1646,514,Stanley,7
1647,515,A.J.,8
1648,515,All,1
1649,515,Angela,19
1650,515,Creed,2
1651,515,Dwight,33
1652,515,Jim,33
1653,515,Karen,2
1654,515,Kelly,18
1655,515,Kevin,18
1656,515,Man,1
1657,515,Meredith,9
1658,515,Michael,50
1659,515,Oscar,13
1660,515,Pam,38
1661,515,Phyllis,1
1662,515,Receptionist,5
1663,515,Stanley,2
1664,515,Woman,1
1665,516,Angela,4
1666,516,Blonde,6
1667,516,Blood Drive Worker,8
1668,516,Blood Girl,17
1669,516,Bob,9
1670,516,Dwight,31
1671,516,Eric,1
1672,516,Girl,1
1673,516,Hank,1
1674,516,Jim,35
1675,516,"Jim, Pam, Michael and Dwight",2
1676,516,Kelly,9
1677,516,Kevin,15
1678,516,Lynn,6
1679,516,Meredith,3
1680,516,Michael,86
1681,516,Oscar,14
1682,516,Pam,32
1683,516,Phone Salesman,7
1684,516,Phyllis,11
1685,516,Stanley,2
1686,517,Andy,12
1687,517,Creed,2
1688,517,Darryl,3
1689,517,David,25
1690,517,Dwight,71
1691,517,Jim,39
1692,517,Kevin,10
1693,517,Lynn,3
1694,517,Man on phone,1
1695,517,Michael,113
1696,517,Oscar,7
1697,517,Pam,24
1698,517,Stanley,1
1699,518,Andy,6
1700,518,Angela,8
1701,518,Charles,66
1702,518,Creed,2
1703,518,David,18
1704,518,Dwight,21
1705,518,Employees,1
1706,518,Jim,30
1707,518,Kelly,7
1708,518,Kevin,5
1709,518,Meredith,1
1710,518,Michael,104
1711,518,Oscar,3
1712,518,Pam,14
1713,518,Phyllis,3
1714,518,Stanley,2
1715,518,Stephanie,6
1716,519,Andy,14
1717,519,Angela,6
1718,519,Angela and Kelly,1
1719,519,Charles,25
1720,519,Creed,1
1721,519,Dwight,12
1722,519,Everyone,1
1723,519,Hank,3
1724,519,Isaac,7
1725,519,Jim,26
1726,519,Kelly,6
1727,519,Kevin,13
1728,519,Meredith,2
1729,519,Michael,88
1730,519,Oscar,12
1731,519,Pam,38
1732,519,Phone,1
1733,519,Phyllis,3
1734,519,Stanley,7
1735,519,Toby,1
1736,520,Andy,16
1737,520,Angela,3
1738,520,Chares,1
1739,520,Charles,40
1740,520,Creed,1
1741,520,Dwight,17
1742,520,Jim,35
1743,520,Kelly,1
1744,520,Kevin,10
1745,520,Michael,78
1746,520,Michal,1
1747,520,Micheal,1
1748,520,Nana,10
1749,520,Old Woman,1
1750,520,Oscar,1
1751,520,Pam,65
1752,520,Phyllis,2
1753,520,Ryan,11
1754,520,Stanley,4
1755,520,Supervisor,1
1756,520,Vikram,10
1757,521,Andy,18
1758,521,Charles,25
1759,521,Creed,2
1760,521,Dwight,28
1761,521,Dwight and Andy,1
1762,521,Dwight and Erin,1
1763,521,Erin,16
1764,521,Jim,28
1765,521,Kelly,5
1766,521,Kevin,2
1767,521,Man,1
1768,521,Meredith,1
1769,521,Michael,46
1770,521,Oscar,5
1771,521,Pam,45
1772,521,Phyllis,1
1773,521,Ryan,25
1774,521,Stanley,3
1775,521,Toby,3
1776,522,Andy,31
1777,522,Automated phone voice,1
1778,522,Charles,14
1779,522,Dwight,83
1780,522,Jim,27
1781,522,Kelly,1
1782,522,Kevin,1
1783,522,Michael,95
1784,522,"Michael, Pam & Ryan",1
1785,522,Mr. Schofield,7
1786,522,Pam,18
1787,522,Phyllis,5
1788,522,Ryan,9
1789,522,Secretary,4
1790,522,Stanley,1
1791,523,Andy,3
1792,523,Angela,2
1793,523,Charles,39
1794,523,David,36
1795,523,David Wallace,1
1796,523,Dwight,25
1797,523,Erin,1
1798,523,Financial Guy,11
1799,523,Jim,29
1800,523,Jim ,1
1801,523,Kelly,2
1802,523,Kevin,1
1803,523,Michael,76
1804,523,Pam,33
1805,523,Phyllis,1
1806,523,Ryan,24
1807,523,Stanley,1
1808,523,Ty,2
1809,524,Andy,12
1810,524,Angela,5
1811,524,Creed,9
1812,524,Darryl,1
1813,524,Dwight,49
1814,524,Erin,10
1815,524,Jim,29
1816,524,Kelly,2
1817,524,Kevin,1
1818,524,Meredith,8
1819,524,Michael,95
1820,524,Oscar,5
1821,524,Pam,30
1822,524,Phyllis,13
1823,524,Ryan,25
1824,524,Stanley,12
1825,524,Toby,13
1826,525,Andy,16
1827,525,Angela,17
1828,525,Bob Vance,2
1829,525,Creed,3
1830,525,Dwight,32
1831,525,Erin,23
1832,525,Jessica,3
1833,525,Jim,17
1834,525,Kelly,11
1835,525,Kevin,15
1836,525,Lynn,7
1837,525,Meredith,1
1838,525,Michael,85
1839,525,Oscar,6
1840,525,Pam,19
1841,525,Phylis,1
1842,525,Phyllis,27
1843,525,Ryan,2
1844,525,Stanley,2
1845,525,VRG 1,4
1846,525,VRG 2,3
1847,525,Vance Refrigeration Guy 1,1
1848,525,Vance Refrigeration Guy 2,1
1849,526,AJ,8
1850,526,Andy,12
1851,526,Angela,3
1852,526,Both,1
1853,526,Charles,12
1854,526,David,13
1855,526,Dwight,41
1856,526,Erin,3
1857,526,Holly,38
1858,526,Jim,24
1859,526,Kendall,2
1860,526,Kevin,5
1861,526,Man,1
1862,526,Man from Buffalo,3
1863,526,Meredith,2
1864,526,Michael,55
1865,526,Nurse,3
1866,526,Oscar,2
1867,526,Pam,25
1868,526,Phyllis,4
1869,526,Rolph,9
1870,526,Stanley,2
1871,526,Toby,2
1872,526,Woman,1
1873,526,Woman from Buffalo,2
1874,601,Andy,38
1875,601,Andy & Michael,1
1876,601,Angela,5
1877,601,Creed,6
1878,601,Dwight,20
1879,601,Dwight & Andy,2
1880,601,"Dwight, Jim & Pam",1
1881,601,Eric,8
1882,601,Erin,7
1883,601,Everyone,3
1884,601,Female Intern,2
1885,601,Female intern,1
1886,601,Jim,42
1887,601,Jim & Pam,1
1888,601,Kelly,9
1889,601,Kevin,14
1890,601,Maurie,10
1891,601,Megan,3
1892,601,Meredith,4
1893,601,Michael,95
1894,601,Michael & Dwight,2
1895,601,Oscar,10
1896,601,Pam,27
1897,601,Phyllis,7
1898,601,Ryan,1
1899,601,Stanley,12
1900,601,Toby,1
1901,602,Andy,7
1902,602,Angela,3
1903,602,Creed,4
1904,602,Darryl,15
1905,602,David,34
1906,602,David Wallace,1
1907,602,Dwight,32
1908,602,Erin,3
1909,602,Gwenneth,2
1910,602,Jim,19
1911,602,Kelly,3
1912,602,Kevin,1
1913,602,Meredith,6
1914,602,Michael,71
1915,602,Michael ,1
1916,602,Oscar,7
1917,602,Pam,24
1918,602,Phyllis,2
1919,602,Ryan,5
1920,602,Stanley,2
1921,602,Toby,26
1922,603,Andy,3
1923,603,Angela,5
1924,603,Creed,3
1925,603,David Wallace,6
1926,603,Dwight,29
1927,603,Erin,3
1928,603,Jim,91
1929,603,Kelly,4
1930,603,Kevin,14
1931,603,Meredith,9
1932,603,Michael,86
1933,603,Oscar,12
1934,603,Pam,17
1935,603,Phyllis,13
1936,603,Ryan,5
1937,603,Stanley,3
1938,604,Andy,33
1939,604,Angela,12
1940,604,Dwight,84
1941,604,Erin,10
1942,604,Everyone,1
1943,604,Front Desk Clerk,10
1944,604,Hotel Employee,4
1945,604,Hotel Manager,4
1946,604,Isabel,11
1947,604,Jim,56
1948,604,Kelly,3
1949,604,Kevin,30
1950,604,Kids,1
1951,604,Little Girl,1
1952,604,Mema,13
1953,604,Meredith,6
1954,604,Michael,129
1955,604,Michael and Dwight,1
1956,604,Micheal,1
1957,604,Michel,1
1958,604,Mr. Beesly,2
1959,604,Mr. Halpert,5
1960,604,Oscar,9
1961,604,Pam,70
1962,604,Pam's dad,1
1963,604,Pam's mom,11
1964,604,Penny,11
1965,604,Pete,6
1966,604,Pete Halpert,1
1967,604,Phyllis,3
1968,604,Ryan,3
1969,604,Stanley,7
1970,604,Toby,4
1971,604,Tom,6
1972,604,Tom Halpert,1
1973,604,Tom and Pete,1
1974,605,Andy,57
1975,605,Andy and Dwight,1
1976,605,Credit card rep,1
1977,605,Creed,1
1978,605,Dwight,50
1979,605,Dwight and Andy,1
1980,605,Erin,7
1981,605,Grotti,30
1982,605,Jim,14
1983,605,Kevin,17
1984,605,Kid,1
1985,605,Meredith,3
1986,605,Michael,122
1987,605,Oscar,18
1988,605,Pam,5
1989,605,Phyllis,1
1990,605,Rep,6
1991,605,Ryan,4
1992,605,Toby,3
1993,605,Waitress,7
1994,605,Woman,4
1995,606,Andy,9
1996,606,Angela,5
1997,606,Creed,1
1998,606,Dwight,30
1999,606,Erin,12
2000,606,Jim,60
2001,606,Kelly,10
2002,606,Kevin,6
2003,606,Meredith,4
2004,606,Michael,85
2005,606,Oscar,6
2006,606,Pam,60
2007,606,Phyllis,2
2008,606,Ryan,8
2009,606,Stanley,1
2010,606,Toby,15
2011,606,Various,1
2012,607,Andy,37
2013,607,Angela,10
2014,607,Creed,3
2015,607,Customer,4
2016,607,Darryl,7
2017,607,Dwight,14
2018,607,Erin,17
2019,607,Jim,49
2020,607,Keena Gifford,6
2021,607,Kelly,2
2022,607,Kevin,10
2023,607,Kids,2
2024,607,Meredith,8
2025,607,Michael,85
2026,607,Oscar,11
2027,607,Pam,39
2028,607,Phyllis,9
2029,607,Ryan,1
2030,607,Secretary,2
2031,607,Stanley,3
2032,608,Andy,28
2033,608,Angela,2
2034,608,Creed,2
2035,608,Dwight,50
2036,608,Erin,3
2037,608,Helene,37
2038,608,Hostess,1
2039,608,Jim,26
2040,608,Kelly,5
2041,608,Kevin,6
2042,608,Meredith,1
2043,608,Michael,114
2044,608,Michel,1
2045,608,Oscar,3
2046,608,Pam,70
2047,608,Phyllis,2
2048,608,Ryan,8
2049,608,Stanley,1
2050,608,Toby,7
2051,609,Andy,24
2052,609,Angela,6
2053,609,Creed,2
2054,609,David,4
2055,609,David Wallace's Secretary,2
2056,609,Dwight,30
2057,609,Erin,15
2058,609,Jim,47
2059,609,Kelly,1
2060,609,Kevin,11
2061,609,Meredith,4
2062,609,Michael,67
2063,609,Oscar,8
2064,609,Pam,12
2065,609,Phyllis,5
2066,609,Ryan,1
2067,609,Stanley,6
2068,609,Voice on CD player,2
2069,610,Alan,12
2070,610,Andy,14
2071,610,Creed,1
2072,610,David,14
2073,610,Dwight,26
2074,610,Erin,3
2075,610,Female Shareholder,1
2076,610,Fourth Shareholder,1
2077,610,Jim,37
2078,610,Jim & Pam,1
2079,610,Kevin,4
2080,610,Laurie,5
2081,610,Limo Driver,2
2082,610,Man in line,1
2083,610,Meredith,1
2084,610,Michael,71
2085,610,O'Keefe,5
2086,610,Oscar,18
2087,610,Pam,12
2088,610,Phyllis,7
2089,610,Registrar,1
2090,610,Ryan,18
2091,610,Second Shareholder,1
2092,610,Security,2
2093,610,Shareholder,1
2094,610,Stanley,4
2095,610,Third Shareholder,1
2096,610,Woman in line,3
2097,611,Andy,22
2098,611,Angela,3
2099,611,Creed,1
2100,611,David,8
2101,611,David Wallace,1
2102,611,Deliveryman,1
2103,611,Dwight,36
2104,611,Erin,21
2105,611,Everyone,1
2106,611,Jim,38
2107,611,Kelly,1
2108,611,Kevin,6
2109,611,Lefevre,11
2110,611,Michael,68
2111,611,Michael and Erin,1
2112,611,Mikela,9
2113,611,Oscar,2
2114,611,Pam,14
2115,611,Phyllis,4
2116,611,Ryan,4
2117,611,Stanley,2
2118,611,Stephanie,2
2119,611,Students,4
2120,611,Teacher,4
2121,611,Zion,1
2122,612,Andy,16
2123,612,Angela,6
2124,612,Bob,1
2125,612,Bob Vance,1
2126,612,Creed,2
2127,612,Daryl,3
2128,612,David,19
2129,612,Dwight,37
2130,612,Erin,11
2131,612,Everyone,1
2132,612,Group,2
2133,612,Jim,39
2134,612,Kelly,3
2135,612,Kelly and Erin,1
2136,612,Kevin,13
2137,612,Matt,4
2138,612,Meredith,3
2139,612,Michael,95
2140,612,Office,1
2141,612,Oscar,13
2142,612,Pam,16
2143,612,Phyllis,27
2144,612,Ryan,8
2145,612,Stanley,5
2146,612,Stephanie,1
2147,612,Toby,6
2148,613,Andy,1
2149,613,Angela,2
2150,613,Both,4
2151,613,Computron,10
2152,613,Dwight,17
2153,613,Eric,26
2154,613,Fake Stanley,1
2155,613,Kevin,2
2156,613,Michael,44
2157,613,Pam,5
2158,613,Ryan,1
2159,613,Toby,18
2160,614,All,1
2161,614,Andy,10
2162,614,Andy & Erin,2
2163,614,Angela,2
2164,614,Both,1
2165,614,Christian Slater,1
2166,614,Creed,1
2167,614,David,34
2168,614,Dwight,9
2169,614,Erin,6
2170,614,Everyone,1
2171,614,Gabe,18
2172,614,Jerry,14
2173,614,Jim,26
2174,614,Jo,8
2175,614,Jo Bennett,1
2176,614,Kevin,1
2177,614,Meredith,2
2178,614,Michael,82
2179,614,Mrs. Wallace,3
2180,614,Oscar,5
2181,614,Pam,25
2182,614,Phyllis,1
2183,614,Stanley,1
2184,614,Teddy,6
2185,614,Teddy Wallace,1
2186,614,Toby,2
2187,615,Andy,24
2188,615,Angela,1
2189,615,Dwight,39
2190,615,Erin,23
2191,615,Gabe,5
2192,615,Hotel Employee,9
2193,615,Jim,33
2194,615,Jo,33
2195,615,Kelly,11
2196,615,Kevin,5
2197,615,Meredith,4
2198,615,Michael,68
2199,615,Michael and Dwight,1
2200,615,Nick,5
2201,615,Oscar,6
2202,615,Pam,5
2203,615,Phyllis,4
2204,615,Ryan,19
2205,616,(Pam's mom) Heleen,1
2206,616,Andy,25
2207,616,Angela,19
2208,616,Clark,13
2209,616,Creed,1
2210,616,Dale,1
2211,616,Doctor,3
2212,616,Dwight,47
2213,616,"Dwight, Jim and Michael",1
2214,616,Erin,35
2215,616,Everyone,1
2216,616,Helene,5
2217,616,Hospital employee,8
2218,616,Isabelle,9
2219,616,Jim,134
2220,616,Kathy,3
2221,616,Kelly,3
2222,616,Kevin,29
2223,616,Meredith,6
2224,616,Michael,117
2225,616,Nick,2
2226,616,Nurse,19
2227,616,Oscar,3
2228,616,Pam,126
2229,616,Phyllis,6
2230,616,Policeman,2
2231,616,Ryan,2
2232,616,Stanley,3
2233,616,Toby,1
2234,617,Andy,24
2235,617,Andy and Dwight,4
2236,617,Angela,3
2237,617,D,1
2238,617,Daryl,13
2239,617,Dwight,29
2240,617,Erin,20
2241,617,Gabe,3
2242,617,Jim,40
2243,617,Jo,53
2244,617,Kelly,3
2245,617,Kevin,3
2246,617,Meredith,4
2247,617,"Meredith, Creed, Oscar and Matt",1
2248,617,Michael,52
2249,617,Night cleaning crew,1
2250,617,Oscar,4
2251,617,Pam,1
2252,617,Phyllis,1
2253,617,Reid,5
2254,617,Ryan,3
2255,617,Stanley,1
2256,617,Todd Packer,6
2257,617,Warehouse guy 1,3
2258,617,Warehouse guy 2,1
2259,618,Andy,15
2260,618,Angela,6
2261,618,Darryl,9
2262,618,Dwight,43
2263,618,Erin,7
2264,618,Gabe,7
2265,618,Jim,51
2266,618,Kelly,8
2267,618,Kevin,8
2268,618,Meredith,3
2269,618,Michael,85
2270,618,Miichael,1
2271,618,Oscar,1
2272,618,Pam,3
2273,618,Phyllis,18
2274,618,Ryan,3
2275,618,Stanley,11
2276,618,Toby,2
2277,619,Andy,35
2278,619,Angela,17
2279,619,Bar Manager,22
2280,619,Bouncer,1
2281,619,Creed,1
2282,619,Darryl,10
2283,619,Dwight,34
2284,619,Erin,16
2285,619,Everyone,1
2286,619,Girl at table,2
2287,619,Hide,2
2288,619,Isabel,18
2289,619,Jim,33
2290,619,Julie,12
2291,619,Kelly,4
2292,619,Kevin,7
2293,619,Matt,5
2294,619,Meredith,1
2295,619,Michael,74
2296,619,Oscar,20
2297,619,Pam,31
2298,619,Phyllis,6
2299,619,Ryan,5
2300,619,Stanley,1
2301,619,Warehouse Guy,1
2302,620,Andy,25
2303,620,Angela,5
2304,620,Cookie Monster,3
2305,620,Darryl,3
2306,620,Dwight,17
2307,620,Dwight.,1
2308,620,Erin,52
2309,620,Gabe,23
2310,620,Hayworth's waiter,4
2311,620,Jim,8
2312,620,Kelly,5
2313,620,Kevin,20
2314,620,Meredith,9
2315,620,Michael,46
2316,620,Oscar,6
2317,620,Oscar's voice from the computer,1
2318,620,Pam,28
2319,620,Phyllis,3
2320,620,Ryan,5
2321,620,Toby,3
2322,621,All,1
2323,621,Andy,3
2324,621,Angela,3
2325,621,Creed,1
2326,621,Darryl,4
2327,621,Donna,38
2328,621,Dwight,45
2329,621,Erin,9
2330,621,Gabe,15
2331,621,Hide,2
2332,621,Jim,37
2333,621,Kelly,28
2334,621,Kevin,8
2335,621,Michael,86
2336,621,Michael and Donna,1
2337,621,Mihael,1
2338,621,Oscar,9
2339,621,Pam,27
2340,621,Phyllis,4
2341,621,Ryan,4
2342,621,Stanley,2
2343,622,Andy,30
2344,622,Creed,2
2345,622,Darryl,26
2346,622,Donna,36
2347,622,Dwight,38
2348,622,Erin,3
2349,622,Gabe,4
2350,622,Glen,1
2351,622,Gym Instructor,1
2352,622,Gym instructor,2
2353,622,Jim,14
2354,622,Kelly,7
2355,622,Meredith,1
2356,622,Michael,92
2357,622,Old lady,1
2358,622,Oscar,1
2359,622,Pam,42
2360,622,Ryan,4
2361,622,Stanley,3
2362,623,Andy,41
2363,623,Angela,17
2364,623,Creed,4
2365,623,Darryl,4
2366,623,Dwight,36
2367,623,Dwight and Angela,1
2368,623,Erin,11
2369,623,Everyone,5
2370,623,Gabe,6
2371,623,Jim,21
2372,623,Kelly,5
2373,623,Kevin,6
2374,623,Lawyer,11
2375,623,Meredith,3
2376,623,Michael,82
2377,623,Oscar,3
2378,623,Pam,30
2379,623,Phyllis,8
2380,623,Reporter,3
2381,623,Ryan,11
2382,623,Shane,11
2383,623,Stanley,2
2384,623,Toby,5
2385,624,Andy,17
2386,624,Angela,4
2387,624,Creed,2
2388,624,Darryl,6
2389,624,David Wallace,1
2390,624,Dwight,19
2391,624,Erin,4
2392,624,Gabe,5
2393,624,Hank,1
2394,624,Jim,13
2395,624,Jo,43
2396,624,Kelly,5
2397,624,Kevin,7
2398,624,Michael,67
2399,624,Nick,11
2400,624,Oscar,2
2401,624,Pam,17
2402,624,Phyllis,5
2403,624,Realtor,4
2404,624,Ryan,2
2405,624,Stanley,2
2406,624,Toby,7
2407,624,Todd Packer,1
2408,701,All,2
2409,701,Andy,16
2410,701,Angela,3
2411,701,Both,2
2412,701,Creed,4
2413,701,Darryl,5
2414,701,Dwight,21
2415,701,Erin,7
2416,701,Gabe,11
2417,701,Jim,22
2418,701,Jo,7
2419,701,Kelly,5
2420,701,Kevin,5
2421,701,Luke,18
2422,701,Meredith,3
2423,701,Michael,58
2424,701,Oscar,8
2425,701,Pam,25
2426,701,Phyllis,7
2427,701,Ryan,3
2428,701,Stanley,5
2429,701,Toby,3
2430,702,Andy,13
2431,702,Angel,1
2432,702,Angela,4
2433,702,Creed,1
2434,702,Darryl,4
2435,702,Dwight,48
2436,702,Erin,4
2437,702,Gabe,17
2438,702,Jim,34
2439,702,Kelly,6
2440,702,Michael,31
2441,702,Mose,2
2442,702,Oscar,7
2443,702,Pam,39
2444,702,Phyllis,3
2445,702,Ryan,3
2446,702,Salesman,10
2447,702,Stanley,3
2448,702,Toby,35
2449,702,Window treatment guy,3
2450,703,All,2
2451,703,Andy,49
2452,703,Angela,16
2453,703,Creed,2
2454,703,Darryl,11
2455,703,Dwight,17
2456,703,Erin,19
2457,703,Jim,19
2458,703,Kelly,2
2459,703,Meredith,1
2460,703,Michael,43
2461,703,Oscar,1
2462,703,Pam,17
2463,703,Phyllis,4
2464,703,Shelby,8
2465,703,Stanley,2
2466,703,Sweeney Todd,14
2467,703,Usher,2
2468,704,Andy,40
2469,704,Angela,2
2470,704,Astrid,3
2471,704,Carrol,1
2472,704,Carroll,14
2473,704,Creed,2
2474,704,Darryl,8
2475,704,Donna,7
2476,704,Dwight,41
2477,704,Employees except Dwight,1
2478,704,Erin,4
2479,704,Gabe,3
2480,704,Helene,4
2481,704,Holly,16
2482,704,Jan,16
2483,704,Jim,4
2484,704,Jim and Pam,1
2485,704,Kelly,5
2486,704,Kevin,10
2487,704,Meredith,7
2488,704,Mexican Man,4
2489,704,Michael,88
2490,704,Michel,1
2491,704,Nate,7
2492,704,Old Woman,3
2493,704,Oscar,7
2494,704,Pam,8
2495,704,Phyllis,5
2496,704,Ryan,1
2497,704,Son,4
2498,704,Stanley,4
2499,705,All,4
2500,705,Andy,38
2501,705,Angela,2
2502,705,Creed,2
2503,705,Danny,40
2504,705,Darryl,23
2505,705,Darryl and Andy,1
2506,705,Dwight,56
2507,705,Erin,2
2508,705,Jim,59
2509,705,Kelly,3
2510,705,Kevin,12
2511,705,Meredith,15
2512,705,Michael,85
2513,705,Oscar,16
2514,705,Pam,10
2515,705,Phyllis,8
2516,705,Receptionist,1
2517,705,Ryan,3
2518,705,Stanley,5
2519,705,Steve,5
2520,706,All,1
2521,706,Andy,16
2522,706,Angela,5
2523,706,Creed,3
2524,706,Danny,28
2525,706,Darryl,26
2526,706,Dwight,14
2527,706,Erin,7
2528,706,Gabe,14
2529,706,Jim,27
2530,706,Kelly,5
2531,706,Kevin,19
2532,706,Meredith,1
2533,706,Michael,59
2534,706,Oscar,8
2535,706,Pam,24
2536,706,Phyllis,5
2537,706,Ryan,6
2538,706,Stanley,7
2539,706,Toby,4
2540,706,Todd Packer,5
2541,707,All,1
2542,707,Andy,25
2543,707,Angela,8
2544,707,Another guy,1
2545,707,Bus driver,3
2546,707,Carla,2
2547,707,Church congregation,1
2548,707,Darryl,2
2549,707,Doug,5
2550,707,Doug [church member],1
2551,707,Dwight,16
2552,707,Erin,9
2553,707,Female church member,1
2554,707,Female church member [to Michael],1
2555,707,Gabe,2
2556,707,Girl,9
2557,707,Guy,8
2558,707,Helene,1
2559,707,Jim,38
2560,707,Jim's Dad,1
2561,707,Kelly,2
2562,707,Kevin,4
2563,707,Lady,1
2564,707,Male church member,3
2565,707,Mee-Maw,1
2566,707,MeeMaw,1
2567,707,Michael,74
2568,707,Michael and Andy,1
2569,707,Oscar,2
2570,707,Pam,33
2571,707,Pastor,7
2572,707,Phyllis,5
2573,707,Radio,1
2574,707,Ryan,6
2575,707,Stanley,3
2576,707,Students,1
2577,707,Toby,3
2578,707,Woman,3
2579,708,Andy,27
2580,708,Angela,9
2581,708,Cece,1
2582,708,Creed,4
2583,708,Daryl,6
2584,708,Dwight,26
2585,708,Erin,42
2586,708,Gabe,18
2587,708,Jim,18
2588,708,Kelly,13
2589,708,Kevin,9
2590,708,Michael,56
2591,708,Oscar,7
2592,708,Pam,23
2593,708,Phyllis,12
2594,708,Reporter,2
2595,708,Ryan,3
2596,708,Stanley,1
2597,708,TV,1
2598,709,Andy,10
2599,709,Angela,20
2600,709,Creed,3
2601,709,Daryl,10
2602,709,Dwight,24
2603,709,Erin,7
2604,709,Gabe,8
2605,709,Guy,1
2606,709,Jim,24
2607,709,Jo,4
2608,709,Kelly,5
2609,709,Kevin,9
2610,709,Kid,1
2611,709,Kids,1
2612,709,Little Girl,2
2613,709,Man,10
2614,709,Meridith,2
2615,709,Michael,66
2616,709,Micheal,1
2617,709,Oscar,5
2618,709,Pam,28
2619,709,Phyliss,1
2620,709,Phyllis,1
2621,709,Robotic Voice,2
2622,709,Ryan,54
2623,709,Ryan and Michael,1
2624,709,Stanley,7
2625,710,Andy,23
2626,710,Angela,3
2627,710,Creed,2
2628,710,Darryl,13
2629,710,Dwight,48
2630,710,Dwight & Nate,1
2631,710,Erin,10
2632,710,Gabe,1
2633,710,Hank,3
2634,710,Jim,27
2635,710,Kelly,8
2636,710,Kevin,8
2637,710,Meredith,2
2638,710,Michael,56
2639,710,Nate,13
2640,710,Oscar,25
2641,710,Pam,45
2642,710,Pam ,1
2643,710,Passer-by,5
2644,710,Phyllis,3
2645,710,Ryan,7
2646,710,Stanley,6
2647,711,AJ,15
2648,711,All,1
2649,711,Andy,28
2650,711,Angela,26
2651,711,Bass Player,2
2652,711,Creed,4
2653,711,Darrly,1
2654,711,Darryl,23
2655,711,Dwight,38
2656,711,Erin,18
2657,711,Gabe,6
2658,711,Holly,50
2659,711,Jada,20
2660,711,Jim,50
2661,711,Justine,2
2662,711,Kelly,14
2663,711,Kevin,15
2664,711,Meredith,10
2665,711,Michael,130
2666,711,Nate,5
2667,711,Oscar,12
2668,711,Pam,69
2669,711,Phyllis,13
2670,711,Robert,5
2671,711,Ryan,11
2672,711,Stanley,5
2673,711,Toby,25
2674,712,Andy,21
2675,712,Angela,7
2676,712,Bookstore employee,2
2677,712,Creed,13
2678,712,Customer,2
2679,712,DJ,3
2680,712,Darryl,21
2681,712,Dwight,34
2682,712,Erin,21
2683,712,Gabe,2
2684,712,Holly,19
2685,712,Jim,8
2686,712,Kelly,10
2687,712,Kevin,19
2688,712,Man,3
2689,712,Member,2
2690,712,Meredith,1
2691,712,Michael,75
2692,712,Oscar,3
2693,712,Pam,31
2694,712,Phyllis,9
2695,712,Ryan,6
2696,712,Video Michael,7
2697,713,Andy,51
2698,713,Creed,2
2699,713,Darryl,3
2700,713,David,12
2701,713,David Brent,1
2702,713,Dwight,19
2703,713,Erin,25
2704,713,Gabe,7
2705,713,Guy,2
2706,713,Hank,2
2707,713,Holly,12
2708,713,Jim,24
2709,713,Kelly,12
2710,713,Kevin,9
2711,713,Michael,37
2712,713,Older Woman,2
2713,713,Older guy,1
2714,713,Oscar,14
2715,713,Pam,18
2716,713,Phyllis,3
2717,713,"Phyllis, Stanley, Dwight",1
2718,713,Professor Powell,4
2719,713,Ryan,8
2720,713,Stanley,2
2721,713,Tom,10
2722,713,Younger Guy,3
2723,714,Andy,14
2724,714,Angela,1
2725,714,Attendant,6
2726,714,Cell Phone Sales Person,2
2727,714,Darrly,1
2728,714,Darryl,8
2729,714,Dwight,26
2730,714,Dwight and Erin,1
2731,714,Erin,14
2732,714,Gabe,25
2733,714,Guy,1
2734,714,Helen,5
2735,714,Holly,30
2736,714,Hot Dog Guy,5
2737,714,Jim,32
2738,714,Kelly,9
2739,714,Kevin,7
2740,714,Meredith,3
2741,714,Micahel,1
2742,714,Michael,42
2743,714,Office,1
2744,714,Oscar,12
2745,714,Pam,36
2746,714,Phyllis,10
2747,714,Ryan,6
2748,714,Ryan and Kelly,1
2749,714,Stanley,3
2750,714,Waiter,8
2751,715,Andy,37
2752,715,Andy and Erin,1
2753,715,Angela,9
2754,715,Boom Box,1
2755,715,Creed,1
2756,715,Darryl,16
2757,715,Dwight,24
2758,715,Erin,38
2759,715,Everyone,1
2760,715,Gabe,21
2761,715,Hank,2
2762,715,Holly,38
2763,715,Jim,23
2764,715,Jim and Pam,1
2765,715,Kelly,1
2766,715,Kevin,13
2767,715,Meredith,1
2768,715,Michael,73
2769,715,Oscar,17
2770,715,Pam,24
2771,715,Phyllis,3
2772,715,Ryan,6
2773,715,Stanley,1
2774,716,Andy,2
2775,716,Creed,1
2776,716,Daryl,1
2777,716,Dwight,3
2778,716,Erin,1
2779,716,Holly,15
2780,716,Jan,1
2781,716,Jim,6
2782,716,Karen,1
2783,716,Kelly,1
2784,716,Kevin,2
2785,716,Michael,33
2786,716,Pam,4
2787,716,Ryan,1
2788,717,Andy,29
2789,717,Angela,1
2790,717,Daryl,4
2791,717,Dwight,41
2792,717,Erin,10
2793,717,Gabe,1
2794,717,Holly,32
2795,717,Holy,1
2796,717,Jim,38
2797,717,Kelly,3
2798,717,Kevin,13
2799,717,Meredith,3
2800,717,Michael,57
2801,717,Oscar,1
2802,717,Pam,36
2803,717,Phyllis,1
2804,717,Ryan,4
2805,717,Stanley,1
2806,717,Todd,37
2807,718,Andy,17
2808,718,Angela,1
2809,718,Darryl,10
2810,718,Dwight,31
2811,718,Gabe,1
2812,718,Holly,47
2813,718,Holly's Dad,5
2814,718,Holly's Mom,4
2815,718,Jim,24
2816,718,Kelly,3
2817,718,Kevin,18
2818,718,Lady,1
2819,718,Meredith,3
2820,718,Micahel,1
2821,718,Michael,72
2822,718,Oscar,7
2823,718,Pam,32
2824,718,Phyllis,3
2825,718,Ryan,9
2826,718,Stanley,1
2827,719,Andy,12
2828,719,Angela,4
2829,719,Darryl,8
2830,719,Darryl's sister,2
2831,719,Deangelo,81
2832,719,Deangelo/Michael,2
2833,719,Denagelo,1
2834,719,Dwight,10
2835,719,Erin,10
2836,719,Gabe,4
2837,719,Jim,10
2838,719,Kelly,5
2839,719,Kevin,4
2840,719,Meredith,1
2841,719,Micahel,1
2842,719,Michael,68
2843,719,Oscar,5
2844,719,Pam,8
2845,719,Phyllis,2
2846,719,Ryan,2
2847,719,Stanley,3
2848,719,Waiter,1
2849,720,All,4
2850,720,Andy,4
2851,720,Angela,2
2852,720,Audience,2
2853,720,Creed,1
2854,720,Darryl,3
2855,720,DeAngelo,54
2856,720,Dwight,13
2857,720,Erin,12
2858,720,Erin and Kelly,1
2859,720,Gabe,2
2860,720,Jim,24
2861,720,Jo,4
2862,720,Kelly and Erin,1
2863,720,Kevin,6
2864,720,Manager,3
2865,720,Meredith,6
2866,720,Michael,82
2867,720,Michael ,1
2868,720,Oscar,6
2869,720,Pam,15
2870,720,Phyllis,3
2871,720,Ryan,6
2872,720,Stanley,3
2873,720,Toby,2
2874,720,Together,1
2875,720,Women,1
2876,721,Andy,24
2877,721,Angela,12
2878,721,Client,1
2879,721,Creed,2
2880,721,Darryl,3
2881,721,DeAgnelo,1
2882,721,DeAngelo,25
2883,721,Dwight,16
2884,721,Erin,12
2885,721,Gabe,10
2886,721,Holly,6
2887,721,Jim,18
2888,721,Kelly,3
2889,721,Kevin,11
2890,721,Meredith,6
2891,721,Michael,116
2892,721,Oscar,6
2893,721,Pam,20
2894,721,Phyllis,18
2895,721,Rory,2
2896,721,Ryan,3
2897,721,Stanley,7
2898,721,Toby,5
2899,721,Warehouse Guy,1
2900,721,abe,1
2901,722,Andy,9
2902,722,Angela,4
2903,722,Darryl,8
2904,722,Deangelo,90
2905,722,Dwight,20
2906,722,Erin,3
2907,722,Gabe,8
2908,722,Jim,40
2909,722,Jordan,9
2910,722,Kelly,15
2911,722,Kevin,13
2912,722,Oscar,2
2913,722,Pam,24
2914,722,Phyllis,4
2915,722,Ryan,15
2916,722,Toby,1
2917,723,All,2
2918,723,All but Oscar,1
2919,723,Andy,26
2920,723,Angela,11
2921,723,Creed,2
2922,723,Darryl,5
2923,723,Darryl and Angela,1
2924,723,Dwight,73
2925,723,Dwight [on phone],1
2926,723,Erin,13
2927,723,Gabe,20
2928,723,Jim,28
2929,723,Jo,14
2930,723,Jordan,2
2931,723,Kelly,6
2932,723,Kevin,20
2933,723,Meredith,1
2934,723,Mose [on phone],1
2935,723,Oscar,4
2936,723,Pam,11
2937,723,Phyllis,5
2938,723,Ryan,2
2939,723,Stanley,2
2940,723,Toby,6
2941,724,All,1
2942,724,Andy,26
2943,724,Angela,11
2944,724,Creed,17
2945,724,Darryl,27
2946,724,David Brent,1
2947,724,Dwight,44
2948,724,Erin,23
2949,724,Finger Lakes Guy,1
2950,724,Fred,9
2951,724,Fred Henry,1
2952,724,Gabe,30
2953,724,Jada,2
2954,724,Jim,90
2955,724,Jo,28
2956,724,Jordan,2
2957,724,Kelly,17
2958,724,Kevin,14
2959,724,Meredith,6
2960,724,Merv,10
2961,724,Merv Bronte,1
2962,724,Nellie,9
2963,724,Nellie Bertram,1
2964,724,Oscar,22
2965,724,Pam,32
2966,724,Pam as fourth-biggest client,3
2967,724,Pam as ninth-biggest client,2
2968,724,Phyllis,20
2969,724,Robert,12
2970,724,Robert California,1
2971,724,Ryan,11
2972,724,Stanley,4
2973,724,Toby,13
2974,724,Warren,2
2975,724,Warren Buffett,1
2976,801,All,1
2977,801,Andy,52
2978,801,Angela,7
2979,801,Creed,1
2980,801,Darryl,5
2981,801,Darryl & Oscar,1
2982,801,Dwight,38
2983,801,Erin,9
2984,801,Everyone,2
2985,801,Gabe,3
2986,801,Jim,38
2987,801,Kelly,6
2988,801,Kevin,10
2989,801,Meredith,6
2990,801,Oscar,7
2991,801,Pam,25
2992,801,Phyllis,11
2993,801,Robert,33
2994,801,Ryan,5
2995,801,Stanley,8
2996,801,Toby,4
2997,801,Waiter,2
2998,802,All,1
2999,802,Andy,86
3000,802,Angela,14
3001,802,Darryl,7
3002,802,Dwight,21
3003,802,Erin,18
3004,802,Group,2
3005,802,Jim,42
3006,802,Justine,3
3007,802,Kelly,5
3008,802,Kevin,24
3009,802,Meredith,5
3010,802,Oscar,7
3011,802,Pam,34
3012,802,Phyllis,8
3013,802,Robert,24
3014,802,Ryan,5
3015,802,Stanley,5
3016,802,Tattoo Artist,8
3017,802,Toby,1
3018,803,Andy,63
3019,803,Angela,3
3020,803,Bruce,1
3021,803,Creed,1
3022,803,Darryl,49
3023,803,Dwight,37
3024,803,"Dwight, Erin, Jim & Kevin",1
3025,803,Erin,12
3026,803,Female Applicant,2
3027,803,Gideon,2
3028,803,Jim,52
3029,803,Kelly,6
3030,803,Kevin,21
3031,803,Male Applicant 1,3
3032,803,Male Applicant 2,1
3033,803,Meredith,4
3034,803,Nate,3
3035,803,Oscar,18
3036,803,Pam,23
3037,803,Phyllis,7
3038,803,Ryan,6
3039,803,Toby,2
3040,804,Andy,66
3041,804,Andy & Walter,3
3042,804,Angela,13
3043,804,Darryl,10
3044,804,Dwight,29
3045,804,Ellen,3
3046,804,Erin,5
3047,804,Erin's Cell Phone,1
3048,804,Gabe,4
3049,804,Jim,23
3050,804,Kelly,3
3051,804,Kevin,6
3052,804,Meredith,6
3053,804,Mose,5
3054,804,Oscar,10
3055,804,Pam,15
3056,804,Phyllis,3
3057,804,Robert,18
3058,804,Ryan,8
3059,804,Stanley,1
3060,804,Toby,6
3061,804,Waiter,1
3062,804,Walter,21
3063,804,Walter & Walter Jr,1
3064,804,Walter Jr,6
3065,805,Andy,34
3066,805,Angela,5
3067,805,Bert,23
3068,805,Creed,4
3069,805,Darryl,9
3070,805,Dwight,21
3071,805,Erin,36
3072,805,Gabe,9
3073,805,Gabe/Kelly/Toby,1
3074,805,Jim,29
3075,805,Kelly,12
3076,805,Kevin,9
3077,805,Meredith,9
3078,805,Oscar,10
3079,805,Pam,27
3080,805,Phyllis,7
3081,805,Robert,32
3082,805,Ryan,3
3083,805,Stanley,4
3084,805,Toby,7
3085,806,Andy,54
3086,806,Andy/Pam,1
3087,806,Andy/Stanley,1
3088,806,Angela,7
3089,806,Darryl,16
3090,806,Dwight,51
3091,806,Erin,8
3092,806,Gabe,24
3093,806,Jim,44
3094,806,Kelly,5
3095,806,Kevin,10
3096,806,Oscar,11
3097,806,Pam,21
3098,806,Phyllis,2
3099,806,Robert,35
3100,806,Ryan,3
3101,806,Stanley,9
3102,806,Toby,8
3103,806,Val,11
3104,806,Warehouse Crew,3
3105,807,Andy,43
3106,807,Andy and Darryl,3
3107,807,Cathy,10
3108,807,Client,3
3109,807,Creed,2
3110,807,Curtis,3
3111,807,Darryl,23
3112,807,Darryl and Kevin,1
3113,807,Drummer,1
3114,807,Dwight,55
3115,807,Erin,13
3116,807,Gabe,2
3117,807,Jim,40
3118,807,Kelly,6
3119,807,Kevin,15
3120,807,Offscreen,1
3121,807,Old Man,4
3122,807,Oscar,4
3123,807,Pam,65
3124,807,Pam and Kelly,1
3125,807,Phyllis,2
3126,807,Robert,10
3127,807,Ryan,6
3128,807,Toby,4
3129,807,Val,4
3130,808,Amanda,1
3131,808,Andy,58
3132,808,Angela,1
3133,808,Archivist,2
3134,808,Audience,1
3135,808,Chelsea,1
3136,808,Darryl,13
3137,808,Dwight,30
3138,808,Erin,17
3139,808,Everyone,4
3140,808,Gabe,10
3141,808,Jim,25
3142,808,Kelly,5
3143,808,Kevin,18
3144,808,Man,1
3145,808,Meredith,1
3146,808,Narrator,2
3147,808,Oscar,20
3148,808,Pam,18
3149,808,Park Ranger,3
3150,808,Phyllis,11
3151,808,Robert,24
3152,808,Ryan,11
3153,808,Soldier,1
3154,808,Stanley,4
3155,809,Andy,59
3156,809,Andy/Oscar,1
3157,809,Angela,2
3158,809,Bob's Secretary,2
3159,809,Creed,2
3160,809,Darryl,24
3161,809,Dwight,52
3162,809,Erin,8
3163,809,Gabe,4
3164,809,Jim,29
3165,809,Kathy,1
3166,809,Kelly,1
3167,809,Kevin,2
3168,809,Meredith,1
3169,809,Mrs. California,1
3170,809,Oscar,12
3171,809,Phyllis,3
3172,809,Robert,40
3173,809,Ryan,3
3174,809,Stanley,1
3175,809,Susan,48
3176,809,Toby,3
3177,810,Andy,88
3178,810,Angela,2
3179,810,Creed,2
3180,810,Darryl,10
3181,810,Dwight,28
3182,810,Erin,38
3183,810,Jessica,22
3184,810,Jim,44
3185,810,Kathy,3
3186,810,Kelly,10
3187,810,Kevin,10
3188,810,Meredith,18
3189,810,Nate,5
3190,810,Oscar,9
3191,810,Phyllis,7
3192,810,Robert,26
3193,810,Ryan,10
3194,810,Stanley,5
3195,810,Toby,6
3196,810,Val,9
3197,811,All,2
3198,811,Andy,44
3199,811,Angela,2
3200,811,Announcer,4
3201,811,Cathy,1
3202,811,Creed,1
3203,811,Darryl,10
3204,811,Dwight,34
3205,811,Einsteins,1
3206,811,Erin,6
3207,811,Gabe,21
3208,811,Group,1
3209,811,Host,28
3210,811,Jim,19
3211,811,Kelly,7
3212,811,Kevin,19
3213,811,Meredith,7
3214,811,Meredith & Kelly,1
3215,811,Oscar,19
3216,811,Oscar's friend,3
3217,811,Phyllis,3
3218,811,Queerenstein Bears,1
3219,811,Receptionist,4
3220,811,Robert,16
3221,811,Ryan,6
3222,811,Stanley,5
3223,811,Stonewall Host,3
3224,811,Stu,1
3225,812,All,2
3226,812,Andy,44
3227,812,Angela,5
3228,812,Both,1
3229,812,Cathy,3
3230,812,Darryl,10
3231,812,Dwight,47
3232,812,Erin,58
3233,812,Gabe,9
3234,812,Jessica,17
3235,812,Jim,22
3236,812,Kathy,1
3237,812,Kelly,6
3238,812,Kevin,11
3239,812,Meredith,9
3240,812,Oscar,12
3241,812,Phyllis,3
3242,812,Robert,24
3243,812,Ryan,10
3244,812,Stanley,7
3245,812,Toby,8
3246,812,Val,7
3247,813,All,1
3248,813,Andy,47
3249,813,"Andy, Darryl & Officer Foley",1
3250,813,Angela,31
3251,813,Cece,7
3252,813,Creed,5
3253,813,Darryl,13
3254,813,Dwight,58
3255,813,Erin,14
3256,813,Ernesto,4
3257,813,Gabe,5
3258,813,Jim,73
3259,813,Kelly,2
3260,813,Kevin,12
3261,813,Meredith,2
3262,813,Nate,3
3263,813,Nurse,2
3264,813,Officer Foley,2
3265,813,Oscar,24
3266,813,Pam,28
3267,813,Phyllis,12
3268,813,Ryan,2
3269,813,Senator Lipton,9
3270,813,Stanley,7
3271,813,Toby,5
3272,813,Val,3
3273,814,All,1
3274,814,Andy,45
3275,814,Angela,8
3276,814,Bob,4
3277,814,Creed,1
3278,814,Darryl,23
3279,814,Dwight,67
3280,814,Erin,15
3281,814,Group,2
3282,814,Jim,30
3283,814,Kathy,2
3284,814,Kelly,8
3285,814,Kevin,5
3286,814,Meredith,2
3287,814,Nate,12
3288,814,Oscar,4
3289,814,Pam,29
3290,814,Phyllis,2
3291,814,Ryan,12
3292,814,Stanley,7
3293,814,Toby,2
3294,814,Val,9
3295,815,Andy,22
3296,815,Cathy,4
3297,815,Creed,2
3298,815,Darryl,4
3299,815,Donna Muraski,2
3300,815,Dwight,63
3301,815,Emergency Operator,1
3302,815,Erin,21
3303,815,Everyone,3
3304,815,Jim,32
3305,815,Kelly,3
3306,815,Kevin,2
3307,815,Meredith,2
3308,815,Nellie,27
3309,815,Oscar,1
3310,815,Packer,17
3311,815,Pam,10
3312,815,Paramedic,2
3313,815,Ryan,9
3314,815,Saleswoman,1
3315,815,Stanley,13
3316,815,Wally Amos,4
3317,816,Andy,20
3318,816,Angela,11
3319,816,Angela/Pam,1
3320,816,Brandon,12
3321,816,Cathy,27
3322,816,Darryl,14
3323,816,Dwight,60
3324,816,Erin,19
3325,816,Everyone,2
3326,816,Gabe,6
3327,816,Jim,55
3328,816,Kelly,8
3329,816,Kevin,4
3330,816,Nellie,24
3331,816,Oscar,10
3332,816,Packer,11
3333,816,Pam,15
3334,816,Phyllis,4
3335,816,Ryan,20
3336,816,Stanley,6
3337,816,Val,9
3338,816,Waitress,1
3339,817,Andy,28
3340,817,Angela,9
3341,817,Blogger,4
3342,817,Blogger 2,1
3343,817,Cathy,4
3344,817,Creed,1
3345,817,Crowd,2
3346,817,Darryl,4
3347,817,Dwight,53
3348,817,Erin,10
3349,817,Everyone,1
3350,817,Girl,4
3351,817,Jim,28
3352,817,Kelly,9
3353,817,Kevin,8
3354,817,Lady,5
3355,817,Lady Blogger,1
3356,817,Man,1
3357,817,Meredith,3
3358,817,Nellie,19
3359,817,Old Lady,4
3360,817,Oscar,6
3361,817,Others,1
3362,817,Pam,10
3363,817,Patty,1
3364,817,Phyllis,2
3365,817,Ryan,17
3366,817,Stanley,1
3367,817,Toby,18
3368,817,Todd Packer,4
3369,818,Andy,20
3370,818,Angela,3
3371,818,Cathy,1
3372,818,Creed,2
3373,818,Darryl,26
3374,818,Dwight,45
3375,818,Elderly Woman,1
3376,818,Erin,15
3377,818,Everyone,1
3378,818,Gabe,1
3379,818,Irene,6
3380,818,Jim,45
3381,818,Kelly,3
3382,818,Kevin,19
3383,818,Meredith,1
3384,818,Nellie,12
3385,818,Oscar,4
3386,818,Pam,10
3387,818,Phyllis,6
3388,818,Robert California,14
3389,818,Ryan,2
3390,818,Stanley,2
3391,818,Toby,16
3392,818,Todd Packer,9
3393,819,All,2
3394,819,Alonzo,1
3395,819,Andy,33
3396,819,Angela,1
3397,819,Creed,1
3398,819,Darryl,7
3399,819,Dwight,21
3400,819,Erin,32
3401,819,Erin and Irene,1
3402,819,Glenn,4
3403,819,Irene,16
3404,819,Jim,38
3405,819,Kelly,1
3406,819,Kevin,8
3407,819,Meredith,2
3408,819,Nellie,42
3409,819,Oscar,1
3410,819,Pam,17
3411,819,Phyllis,4
3412,819,Robert,24
3413,819,Ryan,1
3414,819,Stanley,1
3415,819,Toby,3
3416,820,All,3
3417,820,Andy,48
3418,820,Angela,8
3419,820,Creed,3
3420,820,Darryl,1
3421,820,Dwight,22
3422,820,Erin,25
3423,820,Gabe,2
3424,820,Hank,4
3425,820,Jessica,14
3426,820,Jim,39
3427,820,Kenny,5
3428,820,Kevin,3
3429,820,Kevin & Meredith,1
3430,820,Lauren,11
3431,820,Magician,10
3432,820,Megan,7
3433,820,Nellie,22
3434,820,Oscar,11
3435,820,Pam,32
3436,820,Party guests,1
3437,820,Phyllis,9
3438,820,Robert,19
3439,820,Ryan,3
3440,820,Stanley,1
3441,820,Various,2
3442,820,Woman,1
3443,821,All,1
3444,821,Andy,53
3445,821,Andy & Erin,1
3446,821,Angela,7
3447,821,Creed,2
3448,821,Darryl,5
3449,821,Dwight,16
3450,821,Erin,24
3451,821,Gabe,4
3452,821,Jim,19
3453,821,Kelly,13
3454,821,Kevin,9
3455,821,Meredith,1
3456,821,Nate,1
3457,821,Nellie,36
3458,821,Oscar,7
3459,821,Pam,29
3460,821,Phyllis,10
3461,821,Ravi,1
3462,821,Robert,18
3463,821,Robert & Creed,1
3464,821,Ryan,30
3465,821,Stanley,1
3466,821,Toby,1
3467,821,Wrangler,2
3468,822,Andy,41
3469,822,Angela,4
3470,822,Creed,1
3471,822,Darryl,14
3472,822,David,5
3473,822,Dwight,15
3474,822,Erin,7
3475,822,Jim,24
3476,822,Kevin,18
3477,822,Meredith,2
3478,822,Nellie,17
3479,822,Oscar,16
3480,822,Pam,22
3481,822,Phyllis,1
3482,822,Robert,13
3483,822,Ryan,17
3484,822,Senator,7
3485,822,Speaker,6
3486,822,Stanley,1
3487,822,Vet,6
3488,822,Waiter,2
3489,823,All,1
3490,823,Andy,28
3491,823,Angela,3
3492,823,Creed,1
3493,823,David,4
3494,823,Dwight,56
3495,823,Erin,8
3496,823,Gabe,13
3497,823,Harry,25
3498,823,Jim,48
3499,823,Kevin,1
3500,823,Mr. Ramish,11
3501,823,Nellie,15
3502,823,Oscar,1
3503,823,Pam,23
3504,823,Phone,4
3505,823,Phyllis,1
3506,823,Receptionist,4
3507,823,Robert,33
3508,823,Stanley,1
3509,823,Toby,7
3510,824,Andy,49
3511,824,Angela,20
3512,824,Brandon,6
3513,824,Calvin,3
3514,824,Creed,1
3515,824,Darryl,15
3516,824,David,17
3517,824,Dwight,27
3518,824,Erin,9
3519,824,Gabe,2
3520,824,Hide,2
3521,824,Jake,1
3522,824,Jim,31
3523,824,Kelly,4
3524,824,Kevin,3
3525,824,Meredith,2
3526,824,Mose,2
3527,824,Nellie,19
3528,824,Oscar,11
3529,824,Others,1
3530,824,Pam,22
3531,824,Photographer,2
3532,824,Phyllis,5
3533,824,Ravi,1
3534,824,Robert,15
3535,824,Sasha,1
3536,824,Senator Lipton,14
3537,824,Stanley,1
3538,824,Toby,5
3539,824,Val,4
3540,901,Andy,33
3541,901,Angela,16
3542,901,Clark,22
3543,901,Creed,1
3544,901,Darryl,3
3545,901,David,1
3546,901,Doctor,1
3547,901,Dwight,42
3548,901,Erin,4
3549,901,Jim,21
3550,901,Kelly,2
3551,901,Kevin,7
3552,901,Meredith,2
3553,901,Nellie,10
3554,901,Off-camera,2
3555,901,Oscar,9
3556,901,Pam,19
3557,901,Pete,13
3558,901,Phyllis,1
3559,901,Rafe,1
3560,901,Ryan,1
3561,901,Stanley,3
3562,901,Toby,11
3563,902,Andy,33
3564,902,Angela,7
3565,902,Clark,22
3566,902,Creed,4
3567,902,Darryl,11
3568,902,Dwight,31
3569,902,Erin,31
3570,902,Jim,39
3571,902,Kenny,1
3572,902,Kevin,10
3573,902,Meredith,1
3574,902,Nellie,31
3575,902,Oscar,5
3576,902,Pam,34
3577,902,Pete,16
3578,902,Phyllis,1
3579,902,Roy,11
3580,902,Server,2
3581,902,Stanley,1
3582,902,Toby,5
3583,903,Andy,44
3584,903,Angela,2
3585,903,Clark,4
3586,903,Darryl,31
3587,903,Dwight,24
3588,903,Erin,21
3589,903,Fake Jim,6
3590,903,Jim,19
3591,903,Kevin,3
3592,903,Meredith,1
3593,903,Nellie,34
3594,903,Nellie and Pam,1
3595,903,Oscar,7
3596,903,Pam,34
3597,903,Pete,5
3598,903,Phyllis,3
3599,903,Stanley,2
3600,903,Voicemail,2
3601,904,Andy,40
3602,904,Angela,5
3603,904,Clark,12
3604,904,Creed,3
3605,904,Darryl,11
3606,904,Dwight,40
3607,904,Erin,11
3608,904,Group,19
3609,904,"Group: Dunder Mifflin!
Andy: Andy Bernard presents: Summer Softball Epic Fails! [Kevin swings bat on screen, fart noise follows] Fail. [repeats] Fail",1
3610,904,Jim,60
3611,904,Kevin,16
3612,904,Meredith,7
3613,904,Nellie,27
3614,904,Oscar,13
3615,904,Pam,29
3616,904,Pete,2
3617,904,Phyllis,5
3618,904,"Phyllis, Kevin & Stanley",1
3619,904,Stanley,10
3620,904,Toby,2
3621,904,"[Clark and Pete are shown on screen]
Video Andy: Hey, I'm Pete, puberty is such a drag, man. And I'm Clark! I like to eat toilet paper. [Clark and Pete wave at camera] We fail! [Video shows memorial of Jerry",1
3622,904,"[repeats]
Andy: Fail",1
3623,905,All,1
3624,905,Andy,50
3625,905,Angela,6
3626,905,Broccoli Rob,11
3627,905,Businessman #1,2
3628,905,Businessman #2,3
3629,905,Businessman #3,3
3630,905,Clark,5
3631,905,Creed,3
3632,905,Darryl,6
3633,905,Dwight,39
3634,905,Erin,24
3635,905,HCT,14
3636,905,HCT Member #1,1
3637,905,HCT Member #2,2
3638,905,HCT Member #3,10
3639,905,Jim,35
3640,905,Kevin,2
3641,905,Meredith,5
3642,905,Nellie,21
3643,905,Oscar,3
3644,905,Pam,32
3645,905,Pete,2
3646,905,Senator Lipton,5
3647,905,Stanley,2
3648,905,Toby,5
3649,906,All,1
3650,906,Andy,54
3651,906,Angela,12
3652,906,Boat Guy,12
3653,906,Creed,1
3654,906,Darryl,4
3655,906,David Wallace,7
3656,906,Dwight,34
3657,906,Erin,40
3658,906,Jim,9
3659,906,Kevin,25
3660,906,Meredith,3
3661,906,Nellie,16
3662,906,Oscar,27
3663,906,Pam,11
3664,906,Pete,10
3665,906,Senator Liptop,3
3666,906,Toby,9
3667,906,Walt Jr.,4
3668,906,White,1
3669,907,Andy,9
3670,907,Angela,21
3671,907,Business partner,10
3672,907,Clark,4
3673,907,Colin,4
3674,907,Creed,1
3675,907,Darryl,3
3676,907,David,6
3677,907,Dwight,53
3678,907,Erin,18
3679,907,Everyone,2
3680,907,Guys in breakroom,1
3681,907,Hank,3
3682,907,Jan,25
3683,907,Jim,22
3684,907,Kevin,3
3685,907,Meredith,4
3686,907,Molly,3
3687,907,Nellie,6
3688,907,Oscar,21
3689,907,Pam,45
3690,907,Pete,9
3691,907,Phyllis,14
3692,907,Secretary,2
3693,907,Toby,5
3694,908,Angela,52
3695,908,Creed,3
3696,908,Darryl,6
3697,908,David,3
3698,908,Dwight,57
3699,908,Erin,6
3700,908,Everyone,9
3701,908,Hide,4
3702,908,Jim,29
3703,908,Kevin,16
3704,908,Meredith,8
3705,908,Nellie,9
3706,908,Oscar,22
3707,908,Pam,17
3708,908,Pete,23
3709,908,Phyllis,12
3710,908,Stanley,14
3711,908,Toby,8
3712,908,Trevor,22
3713,908,Waiter,2
3714,909,Angela,11
3715,909,Creed,2
3716,909,Darryl,17
3717,909,Dwight,59
3718,909,Erin,24
3719,909,Jim,58
3720,909,Kevin,13
3721,909,Meredith,5
3722,909,Nellie,11
3723,909,Oscar,7
3724,909,Pam,32
3725,909,Pete,22
3726,909,Phyllis,10
3727,909,Stanley,5
3728,909,Toby,11
3729,910,Angela,16
3730,910,Both,1
3731,910,Creed,4
3732,910,Darryl,15
3733,910,Dwight,18
3734,910,Erin,26
3735,910,Helene,2
3736,910,Jim,28
3737,910,Julius,8
3738,910,Julius Irving,1
3739,910,Kevin,14
3740,910,Limo Driver,2
3741,910,Meredith,22
3742,910,Nellie,9
3743,910,Oscar,10
3744,910,Pam,44
3745,910,Pete,7
3746,910,Phyllis,8
3747,910,Stanley,4
3748,910,Val,13
3749,910,Worker,1
3750,911,3rd Athlead Employee,1
3751,911,4th Athlead Employee,1
3752,911,Angela,13
3753,911,Athlead Employee,9
3754,911,Clark,35
3755,911,Creed,3
3756,911,Darryl,19
3757,911,Dennis,3
3758,911,Dwight,41
3759,911,Erin,11
3760,911,Everyone,1
3761,911,Female Athlead Employee,2
3762,911,Jim,18
3763,911,Kevin,19
3764,911,Meredith,6
3765,911,Nellie,9
3766,911,New Instant Message,1
3767,911,Oscar,19
3768,911,Pam,23
3769,911,Pete,2
3770,911,Phyllis,6
3771,911,Stanley,4
3772,911,Suit Store Father,11
3773,911,Suit Store Son,10
3774,911,Wade,1
3775,912,All,4
3776,912,Angela,6
3777,912,Audience,1
3778,912,Ballerinas,2
3779,912,Brian,5
3780,912,Cameraman,1
3781,912,Cece,4
3782,912,Clark,1
3783,912,Co-worker,3
3784,912,Co-worker #2,1
3785,912,Creed,2
3786,912,Dance Teacher,1
3787,912,Darryl,24
3788,912,Drive Thru Customer,1
3789,912,Dwight,44
3790,912,Erin,18
3791,912,Fast Food Worker,1
3792,912,Guy,3
3793,912,Investor,1
3794,912,Jim,37
3795,912,Kevin,10
3796,912,Lonnie,2
3797,912,Meredith,2
3798,912,Mr. Romanko,3
3799,912,Nellie,24
3800,912,Oscar,8
3801,912,Pam,48
3802,912,Parent in Audience,1
3803,912,Parent in audience #1,1
3804,912,Parent in audience #2,1
3805,912,Pete,12
3806,912,Phyllis,3
3807,912,Stanley,1
3808,912,Toby,7
3809,913,Angela,1
3810,913,Brian,7
3811,913,Clark,33
3812,913,Darryl,2
3813,913,David Wallace,9
3814,913,Dwight,87
3815,913,Erin,2
3816,913,Gabor,3
3817,913,Hide,4
3818,913,Jim,45
3819,913,Kevin,1
3820,913,Melvina,5
3821,913,Meredith,5
3822,913,Mose,4
3823,913,Nate,2
3824,913,Nellie,3
3825,913,Oscar,2
3826,913,Pam,24
3827,913,Pam & Dwight,1
3828,913,Rolf,12
3829,913,Sensei Ira,1
3830,913,Stanley,2
3831,913,Trevor,9
3832,913,Troy,1
3833,913,Wolf,10
3834,913,Zeke,4
3835,914,Angela,15
3836,914,Athlead Employee,1
3837,914,Brian,8
3838,914,Clark,4
3839,914,Creed,1
3840,914,Darryl,35
3841,914,Dwight,37
3842,914,Erin,10
3843,914,Frank,8
3844,914,Glenn,1
3845,914,Jim,30
3846,914,Kevin,6
3847,914,Meredith,1
3848,914,Nate,4
3849,914,Nellie,9
3850,914,Oscar,12
3851,914,Pam,57
3852,914,Party Announcer,1
3853,914,Party Guest,1
3854,914,Party Photographer,5
3855,914,Party Waiter,1
3856,914,Phyllis,1
3857,914,Senator,8
3858,914,Toby,3
3859,914,Val,1
3860,915,Andy,62
3861,915,Angela,4
3862,915,Brian,10
3863,915,Clark,9
3864,915,Darryl,3
3865,915,David Wallace,10
3866,915,Dwight,32
3867,915,Erin,26
3868,915,Jan,8
3869,915,Jim,26
3870,915,Kevin,6
3871,915,Meredith,2
3872,915,Nail manager,2
3873,915,Nail stylist 1,1
3874,915,Nail stylist 2,2
3875,915,Nellie,7
3876,915,Oscar,7
3877,915,Pam,28
3878,915,Pete,8
3879,915,Phyllis,6
3880,915,Stanley,1
3881,916,Alice,19
3882,916,Andy,83
3883,916,Angela,42
3884,916,Athlead Coworker,1
3885,916,Clark,9
3886,916,Creed,4
3887,916,Darryl,5
3888,916,David,15
3889,916,David Wallace,1
3890,916,Dwight,44
3891,916,Erin,33
3892,916,Gabe,20
3893,916,Isaac,3
3894,916,Jim,28
3895,916,Kevin,5
3896,916,Mark,21
3897,916,Meredith,7
3898,916,Nellie,8
3899,916,Oscar,8
3900,916,Oscar's Computer,1
3901,916,Pam,55
3902,916,Pete,41
3903,916,Phyllis,10
3904,916,Roger,1
3905,916,Shirley,17
3906,916,Stanley,5
3907,916,Toby,15
3908,917,Andy,5
3909,917,Angela,8
3910,917,Aunt Shirley,3
3911,917,Cameron,9
3912,917,Clark,5
3913,917,Creed,3
3914,917,Darryl,1
3915,917,Dwight,51
3916,917,Erin,4
3917,917,Esther,2
3918,917,Fannie,19
3919,917,German Minister,3
3920,917,Henry,3
3921,917,Jeb,12
3922,917,Jim,6
3923,917,Kevin,12
3924,917,Meredith,3
3925,917,Mose,3
3926,917,Nellie,2
3927,917,Oscar,11
3928,917,Pam,21
3929,917,Phyllis,8
3930,917,Stanley,2
3931,917,Todd Packer,14
3932,917,Zeke,9
3933,918,Andy,11
3934,918,Angela,32
3935,918,Angela & Oscar,1
3936,918,Brian,23
3937,918,Clark,23
3938,918,Darryl,12
3939,918,Dwight,37
3940,918,Erin,3
3941,918,Esther,8
3942,918,Group,4
3943,918,Jim,31
3944,918,Kevin,9
3945,918,Meredith,3
3946,918,Mr. Ruger,5
3947,918,Nellie,4
3948,918,Oscar,29
3949,918,Pam,42
3950,918,Pete,2
3951,918,Phyllis,6
3952,918,Promo Announcer,2
3953,918,Promo Voice,1
3954,918,Ruger Sister 1,2
3955,918,Ruger Sister 2,1
3956,918,Ryan Howard,17
3957,918,Salesman,1
3958,918,Salesmen,1
3959,918,Senator,1
3960,918,Stanley,5
3961,918,Toby,2
3962,919,Andy,31
3963,919,Angela,4
3964,919,Carla,8
3965,919,Clark,37
3966,919,Creed,2
3967,919,Crowd,2
3968,919,Dwight,61
3969,919,Erin,10
3970,919,Everyone,2
3971,919,Jim,15
3972,919,Kevin,5
3973,919,Man,6
3974,919,Meredith,2
3975,919,Mrs. Davis,5
3976,919,Nellie,13
3977,919,Oscar,7
3978,919,Pam,9
3979,919,Pete,2
3980,919,Phyllis,5
3981,919,Reporter #1,1
3982,919,Reporter #2,1
3983,919,Robert,7
3984,919,Stanley,21
3985,919,Toby,15
3986,919,Todd,2
3987,920,Andy,39
3988,920,Angela,16
3989,920,"Bob Vance, Vance Refrigeration",1
3990,920,Carla Fern,5
3991,920,Clark,6
3992,920,Creed,1
3993,920,Darryl,10
3994,920,Director,13
3995,920,Dwight,21
3996,920,Erin,16
3997,920,Esther,6
3998,920,Group,2
3999,920,Jim,17
4000,920,Kevin,10
4001,920,Nellie,20
4002,920,Oscar,2
4003,920,Pam,22
4004,920,Pastor,1
4005,920,Pete,4
4006,920,Phillip,1
4007,920,Producer,6
4008,920,Production Assistant,1
4009,920,Robert,2
4010,920,Stanley,2
4011,920,Toby,7
4012,920,Woman,3
4013,921,Andy,68
4014,921,Angela,30
4015,921,Clark,8
4016,921,Creed,2
4017,921,Darryl,11
4018,921,David Wallace,37
4019,921,Dwight,54
4020,921,Erin,9
4021,921,Esther,1
4022,921,Jim,63
4023,921,Kevin,13
4024,921,Meredith,1
4025,921,Nellie,5
4026,921,Oscar,19
4027,921,Pam,30
4028,921,Pete,5
4029,921,Phyllis,4
4030,921,Sensei,11
4031,921,Stanley,4
4032,921,Toby,7
4033,922,Aaron Rodgers,4
4034,922,Andy,44
4035,922,Angela,39
4036,922,Angela & Oscar,2
4037,922,Bartender,4
4038,922,Camera Crew,1
4039,922,Casey,22
4040,922,Check-in guy,7
4041,922,Clark,5
4042,922,Clay Aiken,2
4043,922,Creed,4
4044,922,Darryl,30
4045,922,Dwight,87
4046,922,Erin,22
4047,922,Esther,4
4048,922,Everyone,1
4049,922,Glenn,1
4050,922,Hank,1
4051,922,Jim,89
4052,922,Jim & Dwight,2
4053,922,Kevin,30
4054,922,Mark McGrath,4
4055,922,Meredith,9
4056,922,Oscar,28
4057,922,Pam,34
4058,922,People in line,1
4059,922,Pete,4
4060,922,Philip,1
4061,922,Phillip,3
4062,922,Phyllis,7
4063,922,Santigold,4
4064,922,Soldier,1
4065,922,Stanley,4
4066,923,All,10
4067,923,Andy,31
4068,923,Angela,23
4069,923,Bill Hader,4
4070,923,Buyer,2
4071,923,CameraMan,2
4072,923,Carol,1
4073,923,Carol Stills,1
4074,923,Casey Dean,1
4075,923,Clark,3
4076,923,Creed,8
4077,923,Crowd,1
4078,923,Dakota,3
4079,923,Darryl,19
4080,923,David Wallace,2
4081,923,Dwight,76
4082,923,Ed,2
4083,923,Erin,11
4084,923,Guy,2
4085,923,Jakey,4
4086,923,Jim,73
4087,923,Joan,5
4088,923,Kelly,12
4089,923,Kevin,31
4090,923,Malcolm,3
4091,923,Man,1
4092,923,Man 1,1
4093,923,Man 2,2
4094,923,Man 3,1
4095,923,Meredith,15
4096,923,Michael,2
4097,923,Minister,2
4098,923,Moderator,2
4099,923,Mose,2
4100,923,Nellie,9
4101,923,Oscar,18
4102,923,Pam,45
4103,923,Pete,3
4104,923,Photographer,1
4105,923,Phyllis,17
4106,923,Rachel,7
4107,923,Ravi,7
4108,923,Ryan,15
4109,923,Seth Mayers,3
4110,923,Stanley,8
4111,923,Stripper,5
4112,923,Toby,13
4113,923,Usher,1
4114,923,Val,3
4115,923,Woman,1
4116,923,Woman 1,1
4117,923,Woman 2,2
4118,923,Woman 3,1
4119,923,Woman 4,2
4120,923,Zeke,2
